"source","target","person.id","person.name.Arab","person.name.Latn","edge.type"
"oclc:472450345","oape:561","oape:227","انستاس ماري الكرملي","Anastās Mārī al-Karmilī","editor"
"oclc:1034545644","oclc:472081984","oape:1159","انطونالجميل","انطون الجميل","editor"
"oclc:1036721166","oape:705","oape:962","عبد الله النديم الإدريسي","عبد الله النديم الإدريسي","editor"
"oclc:1036721166","oape:707","oape:962","عبد الله النديم الإدريسي","عبد الله النديم الإدريسي","editor"
"oclc:931941685","oclc:931941685","oape:780","يعقوب صروف","يعقوب صروف","editor"
"oclc:931941685","oclc:243472096","oape:780","يعقوب صروف","يعقوب صروف","editor"
"oclc:931941685","oape:789","oape:780","يعقوب صروف","يعقوب صروف","editor"
"oclc:931941685","oape:1659","oape:780","يعقوب صروف","يعقوب صروف","editor"
"oclc:931941685","oape:2103","oape:780","يعقوب صروف","يعقوب صروف","editor"
"oclc:931941685","oclc:931941685","oape:2833","فارس نمر","فارس نمر","editor"
"oclc:931941685","oclc:243472096","oape:2833","فارس نمر","فارس نمر","editor"
"oclc:931941685","oclc:931941685","oape:934","شاهين مكاريوس","شاهين مكاريوس","editor"
"oclc:931941685","oape:750","oape:934","شاهين مكاريوس","شاهين مكاريوس","editor"
"oclc:931941685","oape:757","oape:934","شاهين مكاريوس","شاهين مكاريوس","editor"
"oclc:931941685","oclc:243472096","oape:934","شاهين مكاريوس","شاهين مكاريوس","editor"
"oclc:931941685","oape:789","oape:934","شاهين مكاريوس","شاهين مكاريوس","editor"
"oclc:931941685","oape:1659","oape:934","شاهين مكاريوس","شاهين مكاريوس","editor"
"oclc:931941685","oape:2103","oape:934","شاهين مكاريوس","شاهين مكاريوس","editor"
"oclc:931941685","oclc:243472096","oape:780","يعقوب صروف","يعقوب صروف","editor"
"oclc:931941685","oape:789","oape:780","يعقوب صروف","يعقوب صروف","editor"
"oclc:931941685","oape:1659","oape:780","يعقوب صروف","يعقوب صروف","editor"
"oclc:931941685","oape:2103","oape:780","يعقوب صروف","يعقوب صروف","editor"
"oclc:931941685","oclc:243472096","oape:2833","فارس نمر","فارس نمر","editor"
"oclc:931941685","oape:750","oape:934","شاهين مكاريوس","شاهين مكاريوس","editor"
"oclc:931941685","oape:757","oape:934","شاهين مكاريوس","شاهين مكاريوس","editor"
"oclc:931941685","oclc:243472096","oape:934","شاهين مكاريوس","شاهين مكاريوس","editor"
"oclc:931941685","oape:789","oape:934","شاهين مكاريوس","شاهين مكاريوس","editor"
"oclc:931941685","oape:1659","oape:934","شاهين مكاريوس","شاهين مكاريوس","editor"
"oclc:931941685","oape:2103","oape:934","شاهين مكاريوس","شاهين مكاريوس","editor"
"oclc:4770057679","oclc:4770057679","oape:878","كرد علي","Muḥammad Kurd ʿAlī","editor"
"oclc:4770057679","oclc:792756309","oape:878","كرد علي","Muḥammad Kurd ʿAlī","editor"
"oclc:4770057679","oclc:70845599","oape:878","كرد علي","Muḥammad Kurd ʿAlī","editor"
"oclc:4770057679","oclc:70845599","oape:878","كرد علي","Muḥammad Kurd ʿAlī","editor"
"oclc:4770057679","oclc:70845599","oape:878","كرد علي","Muḥammad Kurd ʿAlī","editor"
"oclc:4770057679","oclc:792755902","oape:878","كرد علي","Muḥammad Kurd ʿAlī","editor"
"oclc:4770057679","oape:179","oape:878","كرد علي","Muḥammad Kurd ʿAlī","editor"
"oclc:4770057679","oape:183","oape:878","كرد علي","Muḥammad Kurd ʿAlī","editor"
"oclc:4770057679","oape:190","oape:878","كرد علي","Muḥammad Kurd ʿAlī","editor"
"oclc:4770057679","oclc:792756309","oape:878","كرد علي","Muḥammad Kurd ʿAlī","editor"
"oclc:4770057679","oclc:70845599","oape:878","كرد علي","Muḥammad Kurd ʿAlī","editor"
"oclc:4770057679","oclc:70845599","oape:878","كرد علي","Muḥammad Kurd ʿAlī","editor"
"oclc:4770057679","oclc:70845599","oape:878","كرد علي","Muḥammad Kurd ʿAlī","editor"
"oclc:4770057679","oclc:792755902","oape:878","كرد علي","Muḥammad Kurd ʿAlī","editor"
"oclc:4770057679","oape:179","oape:878","كرد علي","Muḥammad Kurd ʿAlī","editor"
"oclc:4770057679","oape:183","oape:878","كرد علي","Muḥammad Kurd ʿAlī","editor"
"oclc:4770057679","oape:190","oape:878","كرد علي","Muḥammad Kurd ʿAlī","editor"
"oclc:792756309","oclc:70845599","oape:878","كرد علي","Muḥammad Kurd ʿAlī","editor"
"oclc:792756309","oclc:70845599","oape:878","كرد علي","Muḥammad Kurd ʿAlī","editor"
"oclc:792756309","oclc:70845599","oape:878","كرد علي","Muḥammad Kurd ʿAlī","editor"
"oclc:792756309","oclc:792755902","oape:878","كرد علي","Muḥammad Kurd ʿAlī","editor"
"oclc:792756309","oape:179","oape:878","كرد علي","Muḥammad Kurd ʿAlī","editor"
"oclc:792756309","oape:183","oape:878","كرد علي","Muḥammad Kurd ʿAlī","editor"
"oclc:792756309","oape:190","oape:878","كرد علي","Muḥammad Kurd ʿAlī","editor"
"oclc:70845599","oclc:70845599","oape:878","كرد علي","Muḥammad Kurd ʿAlī","editor"
"oclc:70845599","oclc:70845599","oape:878","كرد علي","Muḥammad Kurd ʿAlī","editor"
"oclc:70845599","oclc:792755902","oape:878","كرد علي","Muḥammad Kurd ʿAlī","editor"
"oclc:70845599","oape:179","oape:878","كرد علي","Muḥammad Kurd ʿAlī","editor"
"oclc:70845599","oape:183","oape:878","كرد علي","Muḥammad Kurd ʿAlī","editor"
"oclc:70845599","oape:190","oape:878","كرد علي","Muḥammad Kurd ʿAlī","editor"
"oclc:70845599","oclc:70845599","oape:878","كرد علي","Muḥammad Kurd ʿAlī","editor"
"oclc:70845599","oclc:792755902","oape:878","كرد علي","Muḥammad Kurd ʿAlī","editor"
"oclc:70845599","oape:179","oape:878","كرد علي","Muḥammad Kurd ʿAlī","editor"
"oclc:70845599","oape:183","oape:878","كرد علي","Muḥammad Kurd ʿAlī","editor"
"oclc:70845599","oape:190","oape:878","كرد علي","Muḥammad Kurd ʿAlī","editor"
"oclc:70845599","oclc:70845599","oape:877","احمد كرد علي","Aḥmad Kurd ʿAlī","editor"
"oclc:70845599","oclc:70845599","oape:877","احمد كرد علي","Aḥmad Kurd ʿAlī","editor"
"oclc:70845599","oape:1731","oape:877","احمد كرد علي","Aḥmad Kurd ʿAlī","editor"
"oclc:70845599","oclc:792755902","oape:878","كرد علي","Muḥammad Kurd ʿAlī","editor"
"oclc:70845599","oape:179","oape:878","كرد علي","Muḥammad Kurd ʿAlī","editor"
"oclc:70845599","oape:183","oape:878","كرد علي","Muḥammad Kurd ʿAlī","editor"
"oclc:70845599","oape:190","oape:878","كرد علي","Muḥammad Kurd ʿAlī","editor"
"oclc:70845599","oclc:70845599","oape:877","احمد كرد علي","Aḥmad Kurd ʿAlī","editor"
"oclc:70845599","oape:1731","oape:877","احمد كرد علي","Aḥmad Kurd ʿAlī","editor"
"oclc:70845599","oape:1731","oape:877","احمد كرد علي","Aḥmad Kurd ʿAlī","editor"
"oclc:1639361","oape:167","oape:713","جرجي زيدان","جرجي بك زيدان","editor"
"oclc:792754974","oclc:1034555409","oape:2808","ابراهيم اليازجي","Ibrāhīm al-Yāzijī","editor"
"oclc:792754974","oclc:173830042","oape:2808","ابراهيم اليازجي","Ibrāhīm al-Yāzijī","editor"
"oclc:792754974","oclc:173830042","oape:2817","زلزل","بشارة زلزل","editor"
"oclc:1022938052","oape:1925","oape:2805","احمد عارف الزين","احمد عارف الزين","editor"
"oclc:1034551122","oclc:792755094","oape:533","عيسى اسكندر المعلوف","ʿĪsā Iskandar al-Maʿlūf","editor"
"oclc:42900564","oclc:792755216","oape:787","احمد حسن طبارة","Aḥmad Ḥasan Ṭabbāra","editor"
"oclc:42900564","oape:95","oape:787","احمد حسن طبارة","Aḥmad Ḥasan Ṭabbāra","editor"
"oclc:42900564","oape:2023","oape:787","احمد حسن طبارة","Aḥmad Ḥasan Ṭabbāra","editor"
"oclc:42900564","oape:1978","oape:787","احمد حسن طبارة","Aḥmad Ḥasan Ṭabbāra","editor"
"oclc:42900564","oape:2102","oape:787","احمد حسن طبارة","Aḥmad Ḥasan Ṭabbāra","editor"
"oclc:42900564","oape:79","oape:4144","سعيد عقل","سعيد عقل","editor"
"oclc:42900564","oape:95","oape:4144","سعيد عقل","سعيد عقل","editor"
"oclc:42900564","oape:349","oape:4144","سعيد عقل","سعيد عقل","editor"
"oclc:987291181","oape:608","oape:305","بطرس البستاني","Buṭrus al-Bustānī","editor"
"oclc:987291181","oape:585","oape:305","بطرس البستاني","Buṭrus al-Bustānī","editor"
"oclc:987291181","oape:608","oape:307","سليم البستاني","Salīm al-Bustānī","editor"
"oclc:987291181","oape:615","oape:307","سليم البستاني","Salīm al-Bustānī","editor"
"oclc:792756327","oape:143","oape:579","جرجي نقولا باز","Jirjī Niqūlā Bāz","editor"
"oclc:1034550756","oape:1867","oape:555","حسن الناطور","حسن أفندي الناطور","editor"
"oape:39","oape:150","oape:980","محمد فريد وجدي","Muḥammad Farīd Wajdī","editor"
"oape:39","oape:1744","oape:980","محمد فريد وجدي","Muḥammad Farīd Wajdī","editor"
"oape:39","oape:2380","oape:980","محمد فريد وجدي","Muḥammad Farīd Wajdī","editor"
"oape:531","oape:41","oape:1845","سليمان الدخيل","سليمان الدخيل","editor"
"oape:531","oape:41","oape:1845","سليمان الدخيل","سليمان الدخيل","editor"
"oclc:1034555409","oclc:173830042","oape:2808","ابراهيم اليازجي","Ibrāhīm al-Yāzijī","editor"
"oape:45","oape:752","oape:825","سليم عنحوري","سليم عنحوري","editor"
"oape:45","oape:181","oape:825","سليم عنحوري","سليم عنحوري","editor"
"oape:45","oape:1949","oape:825","سليم عنحوري","سليم عنحوري","editor"
"oape:46","oape:60","oape:3339","محمد علي هبة الدين","السيد محمد علي هبة الدين","editor"
"oclc:792755902","oape:809","oape:3707","علي يوسف","ʿAlī Yūsuf","editor"
"oclc:792755902","oape:809","oape:4199","احمد مادي","Aḥmad Mādī","editor"
"oclc:792755902","oape:179","oape:878","كرد علي","Muḥammad Kurd ʿAlī","editor"
"oclc:792755902","oape:183","oape:878","كرد علي","Muḥammad Kurd ʿAlī","editor"
"oclc:792755902","oape:190","oape:878","كرد علي","Muḥammad Kurd ʿAlī","editor"
"oclc:1034548778","oape:1983","oape:459","عبد الغني العريسي","عبد الغني أفندي العريسي","editor"
"oclc:1034548778","oape:1970","oape:459","عبد الغني العريسي","عبد الغني أفندي العريسي","editor"
"oclc:1034548778","oape:2055","oape:459","عبد الغني العريسي","عبد الغني أفندي العريسي","editor"
"oape:48","oape:272","oape:936","شبلي ملاط","شبلي أفندي ملاط","editor"
"oape:48","oape:516","oape:2827","فيليكس فارس","فليكس فارس","editor"
"oclc:508226561","oclc:508226561","oape:4093","بشارة تقلا","بشارة تقلا","editor"
"oclc:508226561","oape:530","oape:4186","نجيب ابراهبم طراد","نجيب ابراهبم طراد","editor"
"oclc:508226561","oape:80","oape:1673","داود بركات","داود بركات","editor"
"oclc:508226561","oclc:1034541808","oape:1673","داود بركات","داود بركات","editor"
"oclc:508226561","oclc:1034541808","oape:635","نقولا حداد","نقولا أفندي حداد","editor"
"oclc:508226561","oape:80","oape:1673","داود بركات","داود بركات","editor"
"oclc:508226561","oclc:1034541808","oape:1673","داود بركات","داود بركات","editor"
"oclc:508226561","oape:137","oape:931","خليل مطران","خليل افندي مطران","editor"
"oclc:508226561","oape:236","oape:931","خليل مطران","خليل افندي مطران","editor"
"oclc:226234432","oclc:226234432","oape:935","نعوم مكرزل","نعوم أفندي مكرزل","editor"
"oclc:226234432","oape:1110","oape:935","نعوم مكرزل","نعوم أفندي مكرزل","editor"
"oclc:226234432","oape:1086","oape:935","نعوم مكرزل","نعوم أفندي مكرزل","editor"
"oclc:226234432","oape:1916","oape:935","نعوم مكرزل","نعوم أفندي مكرزل","editor"
"oclc:226234432","oape:1175","oape:935","نعوم مكرزل","نعوم أفندي مكرزل","editor"
"oclc:226234432","oape:1176","oape:935","نعوم مكرزل","نعوم أفندي مكرزل","editor"
"oclc:226234432","oape:1110","oape:935","نعوم مكرزل","نعوم أفندي مكرزل","editor"
"oclc:226234432","oape:1086","oape:935","نعوم مكرزل","نعوم أفندي مكرزل","editor"
"oclc:226234432","oape:1916","oape:935","نعوم مكرزل","نعوم أفندي مكرزل","editor"
"oclc:226234432","oape:1175","oape:935","نعوم مكرزل","نعوم أفندي مكرزل","editor"
"oclc:226234432","oape:1176","oape:935","نعوم مكرزل","نعوم أفندي مكرزل","editor"
"oclc:792755216","oape:95","oape:787","احمد حسن طبارة","Aḥmad Ḥasan Ṭabbāra","editor"
"oclc:792755216","oape:2023","oape:787","احمد حسن طبارة","Aḥmad Ḥasan Ṭabbāra","editor"
"oclc:792755216","oape:1978","oape:787","احمد حسن طبارة","Aḥmad Ḥasan Ṭabbāra","editor"
"oclc:792755216","oape:2102","oape:787","احمد حسن طبارة","Aḥmad Ḥasan Ṭabbāra","editor"
"oape:137","oape:236","oape:931","خليل مطران","خليل افندي مطران","editor"
"oape:518","oape:95","oape:1153","امين ناصر الدين","امين ناصر الدين","editor"
"oape:556","oape:1558","oape:1803","سعيد فاضل عقل","سعيد فاضل عقل","editor"
"oape:584","oape:582","oape:4871","François Bourgade","François Bourgade","editor"
"oape:648","oape:713","oape:5073","جمس سانوا","Jams Sānuwā","editor"
"oape:648","oape:702","oape:5073","جمس سانوا","Jams Sānuwā","editor"
"oape:648","oape:741","oape:5073","جمس سانوا","Jams Sānuwā","editor"
"oape:648","oape:684","oape:5073","جمس سانوا","Jams Sānuwā","editor"
"oape:648","oape:731","oape:5073","جمس سانوا","Jams Sānuwā","editor"
"oape:648","oape:639","oape:5073","جمس سانوا","Jams Sānuwā","editor"
"oape:648","oape:666","oape:5073","جمس سانوا","Jams Sānuwā","editor"
"oape:648","oape:691","oape:5073","جمس سانوا","Jams Sānuwā","editor"
"oape:648","oape:839","oape:5073","جمس سانوا","Jams Sānuwā","editor"
"oape:648","oape:700","oape:5073","جمس سانوا","Jams Sānuwā","editor"
"oape:648","oape:658","oape:5073","جمس سانوا","Jams Sānuwā","editor"
"oape:648","oape:797","oape:5073","جمس سانوا","Jams Sānuwā","editor"
"oape:713","oape:702","oape:5073","جمس سانوا","Jams Sānuwā","editor"
"oape:713","oape:741","oape:5073","جمس سانوا","Jams Sānuwā","editor"
"oape:713","oape:684","oape:5073","جمس سانوا","Jams Sānuwā","editor"
"oape:713","oape:731","oape:5073","جمس سانوا","Jams Sānuwā","editor"
"oape:713","oape:639","oape:5073","جمس سانوا","Jams Sānuwā","editor"
"oape:713","oape:666","oape:5073","جمس سانوا","Jams Sānuwā","editor"
"oape:713","oape:691","oape:5073","جمس سانوا","Jams Sānuwā","editor"
"oape:713","oape:839","oape:5073","جمس سانوا","Jams Sānuwā","editor"
"oape:713","oape:700","oape:5073","جمس سانوا","Jams Sānuwā","editor"
"oape:713","oape:658","oape:5073","جمس سانوا","Jams Sānuwā","editor"
"oape:713","oape:797","oape:5073","جمس سانوا","Jams Sānuwā","editor"
"oape:1885","oape:1888","oape:6347","عبد الرحيم صائب","ʿAbd al-Raḥīm Ṣāʾib","editor"
"oape:702","oape:741","oape:5073","جمس سانوا","Jams Sānuwā","editor"
"oape:702","oape:684","oape:5073","جمس سانوا","Jams Sānuwā","editor"
"oape:702","oape:731","oape:5073","جمس سانوا","Jams Sānuwā","editor"
"oape:702","oape:639","oape:5073","جمس سانوا","Jams Sānuwā","editor"
"oape:702","oape:666","oape:5073","جمس سانوا","Jams Sānuwā","editor"
"oape:702","oape:691","oape:5073","جمس سانوا","Jams Sānuwā","editor"
"oape:702","oape:839","oape:5073","جمس سانوا","Jams Sānuwā","editor"
"oape:702","oape:700","oape:5073","جمس سانوا","Jams Sānuwā","editor"
"oape:702","oape:658","oape:5073","جمس سانوا","Jams Sānuwā","editor"
"oape:702","oape:797","oape:5073","جمس سانوا","Jams Sānuwā","editor"
"oape:741","oape:684","oape:5073","جمس سانوا","Jams Sānuwā","editor"
"oape:741","oape:731","oape:5073","جمس سانوا","Jams Sānuwā","editor"
"oape:741","oape:639","oape:5073","جمس سانوا","Jams Sānuwā","editor"
"oape:741","oape:666","oape:5073","جمس سانوا","Jams Sānuwā","editor"
"oape:741","oape:691","oape:5073","جمس سانوا","Jams Sānuwā","editor"
"oape:741","oape:839","oape:5073","جمس سانوا","Jams Sānuwā","editor"
"oape:741","oape:700","oape:5073","جمس سانوا","Jams Sānuwā","editor"
"oape:741","oape:658","oape:5073","جمس سانوا","Jams Sānuwā","editor"
"oape:741","oape:797","oape:5073","جمس سانوا","Jams Sānuwā","editor"
"oape:1899","oape:2027","oape:5631","محمد صبحي عقدة","Muḥammad Ṣubḥī ʿAqda","editor"
"oape:1899","oape:2032","oape:5631","محمد صبحي عقدة","Muḥammad Ṣubḥī ʿAqda","editor"
"oape:1899","oape:1991","oape:5631","محمد صبحي عقدة","Muḥammad Ṣubḥī ʿAqda","editor"
"oape:2107","oape:1993","oape:5161","جورج اسحاو يارد","Jūrj Isḥāw Yārid","editor"
"oape:2027","oape:2032","oape:5631","محمد صبحي عقدة","Muḥammad Ṣubḥī ʿAqda","editor"
"oape:2027","oape:1991","oape:5631","محمد صبحي عقدة","Muḥammad Ṣubḥī ʿAqda","editor"
"oape:1473","oape:1102","oape:6023","شكري الخوري","Shukrī al-Khūrī","editor"
"oape:1473","oape:1150","oape:6023","شكري الخوري","Shukrī al-Khūrī","editor"
"oape:1473","oape:1297","oape:383","رشيد الخوري","رشيد الخوري","editor"
"oape:1473","oape:1477","oape:383","رشيد الخوري","رشيد الخوري","editor"
"oape:2347","oape:3228","oape:5662","مصطفی اسماعيل القشاشي","Muṣṭafā Ismāʿīl al-Qashāshī","editor"
"oape:2347","oape:2747","oape:5662","مصطفی اسماعيل القشاشي","Muṣṭafā Ismāʿīl al-Qashāshī","editor"
"oape:2347","oape:2963","oape:5662","مصطفی اسماعيل القشاشي","Muṣṭafā Ismāʿīl al-Qashāshī","editor"
"oape:3228","oape:2747","oape:5662","مصطفی اسماعيل القشاشي","Muṣṭafā Ismāʿīl al-Qashāshī","editor"
"oape:3228","oape:2963","oape:5662","مصطفی اسماعيل القشاشي","Muṣṭafā Ismāʿīl al-Qashāshī","editor"
"oape:684","oape:731","oape:5073","جمس سانوا","Jams Sānuwā","editor"
"oape:684","oape:639","oape:5073","جمس سانوا","Jams Sānuwā","editor"
"oape:684","oape:666","oape:5073","جمس سانوا","Jams Sānuwā","editor"
"oape:684","oape:691","oape:5073","جمس سانوا","Jams Sānuwā","editor"
"oape:684","oape:839","oape:5073","جمس سانوا","Jams Sānuwā","editor"
"oape:684","oape:700","oape:5073","جمس سانوا","Jams Sānuwā","editor"
"oape:684","oape:658","oape:5073","جمس سانوا","Jams Sānuwā","editor"
"oape:684","oape:797","oape:5073","جمس سانوا","Jams Sānuwā","editor"
"oape:1236","oape:1275","oape:5155","جورج اطانسيادي","Jūrj Aṭānsiyādī","editor"
"oape:2032","oape:1991","oape:5631","محمد صبحي عقدة","Muḥammad Ṣubḥī ʿAqda","editor"
"oape:731","oape:639","oape:5073","جمس سانوا","Jams Sānuwā","editor"
"oape:731","oape:666","oape:5073","جمس سانوا","Jams Sānuwā","editor"
"oape:731","oape:691","oape:5073","جمس سانوا","Jams Sānuwā","editor"
"oape:731","oape:839","oape:5073","جمس سانوا","Jams Sānuwā","editor"
"oape:731","oape:700","oape:5073","جمس سانوا","Jams Sānuwā","editor"
"oape:731","oape:658","oape:5073","جمس سانوا","Jams Sānuwā","editor"
"oape:731","oape:797","oape:5073","جمس سانوا","Jams Sānuwā","editor"
"oape:639","oape:666","oape:5073","جمس سانوا","Jams Sānuwā","editor"
"oape:639","oape:691","oape:5073","جمس سانوا","Jams Sānuwā","editor"
"oape:639","oape:839","oape:5073","جمس سانوا","Jams Sānuwā","editor"
"oape:639","oape:700","oape:5073","جمس سانوا","Jams Sānuwā","editor"
"oape:639","oape:658","oape:5073","جمس سانوا","Jams Sānuwā","editor"
"oape:639","oape:797","oape:5073","جمس سانوا","Jams Sānuwā","editor"
"oape:666","oape:691","oape:5073","جمس سانوا","Jams Sānuwā","editor"
"oape:666","oape:839","oape:5073","جمس سانوا","Jams Sānuwā","editor"
"oape:666","oape:700","oape:5073","جمس سانوا","Jams Sānuwā","editor"
"oape:666","oape:658","oape:5073","جمس سانوا","Jams Sānuwā","editor"
"oape:666","oape:797","oape:5073","جمس سانوا","Jams Sānuwā","editor"
"oape:1125","oape:950","oape:6149","يوسف كنعان","Yūsuf Kanʿān","editor"
"oape:3029","oape:3205","oape:6448","علي عبد الرحمن الحسيني","ʿAlī ʿAbd al-Raḥmān al-Ḥusaynī","editor"
"oape:3029","oape:2043","oape:6448","علي عبد الرحمن الحسيني","ʿAlī ʿAbd al-Raḥmān al-Ḥusaynī","editor"
"oape:2414","oape:2260","oape:4558","امين سعيد","Amīn Saʿīd","editor"
"oape:2414","oape:3043","oape:4558","امين سعيد","Amīn Saʿīd","editor"
"oape:696","oape:737","oape:4789","د. جورج بوست","Dr. George Post","editor"
"oape:2081","oape:2232","oape:4381","فريد شهاب","Al-Amīr Farīd Shihāb","editor"
"oape:79","oape:95","oape:4144","سعيد عقل","سعيد عقل","editor"
"oape:79","oape:349","oape:4144","سعيد عقل","سعيد عقل","editor"
"oape:80","oclc:1034541808","oape:1673","داود بركات","داود بركات","editor"
"oape:81","oape:349","oape:819","رشيد عطية","رشيد عطية","editor"
"oape:95","oape:2023","oape:787","احمد حسن طبارة","Aḥmad Ḥasan Ṭabbāra","editor"
"oape:95","oape:1978","oape:787","احمد حسن طبارة","Aḥmad Ḥasan Ṭabbāra","editor"
"oape:95","oape:2102","oape:787","احمد حسن طبارة","Aḥmad Ḥasan Ṭabbāra","editor"
"oape:95","oape:349","oape:4144","سعيد عقل","سعيد عقل","editor"
"oclc:1086411815","oape:1285","oape:288","عبد الباسط الانسي","ʿAbd al-Bāsiṭ al-Unsī","editor"
"oclc:1086411815","oape:287","oape:391","محي الدين الخياط","الشيخ محي الدين الخياط","editor"
"oape:905","oape:698","oape:5868","رفائل مشاقة","Rufāʾil Effendi Mishāqa","editor"
"oape:888","oape:747","oape:6031","شالوم فلاح","Shālūm Fallāḥ","editor"
"oape:888","oape:767","oape:6031","شالوم فلاح","Shālūm Fallāḥ","editor"
"oape:888","oape:764","oape:6031","شالوم فلاح","Shālūm Fallāḥ","editor"
"oape:888","oape:756","oape:6031","شالوم فلاح","Shālūm Fallāḥ","editor"
"oape:688","oape:699","oape:2821","لويس صابونجي","لويس صابونجي","editor"
"oape:688","oape:607","oape:2821","لويس صابونجي","لويس صابونجي","editor"
"oape:688","oape:733","oape:2821","لويس صابونجي","لويس صابونجي","editor"
"oape:688","oape:948","oape:2821","لويس صابونجي","لويس صابونجي","editor"
"oape:688","oape:640","oape:2821","لويس صابونجي","لويس صابونجي","editor"
"oape:688","oape:611","oape:2821","لويس صابونجي","لويس صابونجي","editor"
"oape:688","oape:625","oape:2821","لويس صابونجي","لويس صابونجي","editor"
"oape:688","oape:612","oape:2821","لويس صابونجي","لويس صابونجي","editor"
"oape:688","oape:1139","oape:2821","لويس صابونجي","لويس صابونجي","editor"
"oape:2994","oape:3066","oape:5988","شفيق غندور","Shafīq Ghandūr","editor"
"oape:1021","oape:1012","oape:6434","علي سلام","ʿAlī Salām","editor"
"oape:2893","oape:2655","oape:5473","محمد متولي سويلم","Muḥammad Mutawallī Suwaylim","editor"
"oape:2627","oape:2888","oape:5108","جبران تويني","Jibrān Tuwaynī","editor"
"oape:829","oape:800","oape:299","خليل البدوى","خليل البدوى","editor"
"oape:829","oape:2385","oape:299","خليل البدوى","خليل البدوى","editor"
"oape:829","oape:779","oape:299","خليل البدوى","خليل البدوى","editor"
"oape:829","oape:770","oape:299","خليل البدوى","خليل البدوى","editor"
"oape:1791","oape:1792","oape:6573","حسن فهمي","Ḥasan Fahmī","editor"
"oape:1791","oape:2630","oape:6573","حسن فهمي","Ḥasan Fahmī","editor"
"oape:1791","oape:1316","oape:6573","حسن فهمي","Ḥasan Fahmī","editor"
"oape:1792","oape:2630","oape:6573","حسن فهمي","Ḥasan Fahmī","editor"
"oape:1792","oape:1316","oape:6573","حسن فهمي","Ḥasan Fahmī","editor"
"oape:1792","oape:1932","oape:5363","محمود طاهر","Maḥmūd Ṭāhir","editor"
"oape:1792","oape:1098","oape:5363","محمود طاهر","Maḥmūd Ṭāhir","editor"
"oape:1792","oape:1048","oape:5363","محمود طاهر","Maḥmūd Ṭāhir","editor"
"oape:2747","oape:2963","oape:5662","مصطفی اسماعيل القشاشي","Muṣṭafā Ismāʿīl al-Qashāshī","editor"
"oape:1181","oape:1320","oape:5317","محمود كامل كاشف","Maḥmūd Kāmil Kāshif","editor"
"oape:2192","oape:1906","oape:5503","محمد شاكر الطيبي","Muḥammad Shākir al-Ṭayyibī","editor"
"oape:985","oape:2123","oape:6392","عبد الحميد حمدي","ʿAbd al-Ḥamīd Ḥamdī","editor"
"oape:985","oape:1631","oape:6392","عبد الحميد حمدي","ʿAbd al-Ḥamīd Ḥamdī","editor"
"oape:985","oape:1632","oape:6392","عبد الحميد حمدي","ʿAbd al-Ḥamīd Ḥamdī","editor"
"oape:985","oape:2500","oape:6392","عبد الحميد حمدي","ʿAbd al-Ḥamīd Ḥamdī","editor"
"oape:939","oape:818","oape:4968","ابراهيم عبد المسيح","Ibrāhīm ʿAbd al-Masīḥ","editor"
"oape:752","oape:181","oape:825","سليم عنحوري","سليم عنحوري","editor"
"oape:752","oape:1949","oape:825","سليم عنحوري","سليم عنحوري","editor"
"oape:2960","oape:3208","oape:1980","عبد الرحمن البناء","عبد الرحمن البناء","editor"
"oape:1939","oape:1777","oape:419","عبد الحميد الزهراوي","عبد الحميد الزهراوي","editor"
"oape:1939","oape:1924","oape:419","عبد الحميد الزهراوي","عبد الحميد الزهراوي","editor"
"oape:2866","oape:2578","oape:4813","داود العجيل","Dāwud al-ʿUjayl","editor"
"oape:2137","oape:1263","oape:4952","ابراهيم رمزي","Ibrāhīm Ramzī","editor"
"oape:2137","oape:901","oape:4952","ابراهيم رمزي","Ibrāhīm Ramzī","editor"
"oape:2137","oape:1247","oape:4952","ابراهيم رمزي","Ibrāhīm Ramzī","editor"
"oape:2137","oape:1327","oape:4952","ابراهيم رمزي","Ibrāhīm Ramzī","editor"
"oape:2070","oape:1290","oape:4585","انطون انسطاس زريق","Anṭūn Anasṭās Zurayq","editor"
"oape:2260","oape:3043","oape:4558","امين سعيد","Amīn Saʿīd","editor"
"oape:1673","oape:1058","oape:6613","حسين فريد","Ḥusayn Farīd","editor"
"oape:1354","oape:1401","oape:5728","ن. ج.","N. J.","editor"
"oape:1407","oape:1397","oape:5855","قسطندي قسطة","Qusṭandī Qusṭa","editor"
"oape:1407","oape:1383","oape:5855","قسطندي قسطة","Qusṭandī Qusṭa","editor"
"oape:3087","oape:3141","oape:4679","احمد السعيد نعمان","Aḥmad al-Saʿīd Nuʿmān","editor"
"oape:1155","oape:1430","oape:4622","احمد فريد","Aḥmad Farīd","editor"
"oape:1568","oape:1123","oape:6425","علي لطفي","ʿAlī Luṭfī","editor"
"oape:1568","oape:1867","oape:6425","علي لطفي","ʿAlī Luṭfī","editor"
"oape:1568","oape:1690","oape:6312","عبد المجيد كامل","ʿAbd al-Majīd Kāmil","editor"
"oape:1568","oape:1335","oape:6312","عبد المجيد كامل","ʿAbd al-Majīd Kāmil","editor"
"oape:1568","oape:1291","oape:6312","عبد المجيد كامل","ʿAbd al-Majīd Kāmil","editor"
"oape:1690","oape:1335","oape:6312","عبد المجيد كامل","ʿAbd al-Majīd Kāmil","editor"
"oape:1690","oape:1291","oape:6312","عبد المجيد كامل","ʿAbd al-Majīd Kāmil","editor"
"oape:1754","oape:2908","oape:6152","يوسف خويري","Yūsuf Khuwayrī","editor"
"oape:1665","oape:1393","oape:6652","حافظ حلمي بكير","Ḥāfiẓ Ḥilmī Bakīr","editor"
"oape:649","oape:620","oape:5956","سليم الحموي","Salīm al-Ḥamawī","editor"
"oape:649","oape:621","oape:5956","سليم الحموي","Salīm al-Ḥamawī","editor"
"oape:1641","oape:1977","oape:6666","صادق دندان","Ṣādiq Dandān","editor"
"oape:1977","oape:2040","oape:5601","محمد عز الدين القلال","Muḥammad ʿIzz al-Dīn al-Qalāl","editor"
"oape:1016","oape:1215","oape:707","احمد زكي","احمد بك زكي","editor"
"oape:1016","oape:1719","oape:707","احمد زكي","احمد بك زكي","editor"
"oape:2023","oape:1978","oape:787","احمد حسن طبارة","Aḥmad Ḥasan Ṭabbāra","editor"
"oape:2023","oape:2102","oape:787","احمد حسن طبارة","Aḥmad Ḥasan Ṭabbāra","editor"
"oape:3061","oape:3158","oape:4401","جورج صوايی","Al-Duktūr Jūrj Ṣawāyā","editor"
"oape:3061","oape:2240","oape:4401","جورج صوايی","Al-Duktūr Jūrj Ṣawāyā","editor"
"oape:3126","oape:3127","oape:5623","محمد حامد الفقي","Muḥammad Ḥāmid al-Fiqī","editor"
"oape:3158","oape:2240","oape:4401","جورج صوايی","Al-Duktūr Jūrj Ṣawāyā","editor"
"oape:1102","oape:1150","oape:5202","خليل ملوك ملوك /","Khalīl Mulūk/Mallūk","editor"
"oape:1102","oape:1150","oape:6023","شكري الخوري","Shukrī al-Khūrī","editor"
"oape:1738","oape:2454","oape:6190","يوسف","Yūsuf al-Ḥājj","editor"
"oape:1738","oape:1758","oape:6190","يوسف","Yūsuf al-Ḥājj","editor"
"oape:1738","oape:886","oape:6190","يوسف","Yūsuf al-Ḥājj","editor"
"oape:1738","oape:2396","oape:6190","يوسف","Yūsuf al-Ḥājj","editor"
"oape:2083","oape:1781","oape:4719","بكري السمهوري","Bakrī al-Samhūrī","editor"
"oape:1978","oape:2102","oape:787","احمد حسن طبارة","Aḥmad Ḥasan Ṭabbāra","editor"
"oape:1794","oape:1716","oape:4852","فتح الله قسطون","Fatḥ Allāh Qasṭūn","editor"
"oape:1794","oape:2323","oape:4852","فتح الله قسطون","Fatḥ Allāh Qasṭūn","editor"
"oape:2936","oape:3112","oape:5709","ميشال سليم نجار","Mīshāl Salīm Najjār","editor"
"oape:993","oape:1070","oape:5815","نقولا سابا الانطاكي","Niqūlā Sābā al-Anṭākī","editor"
"oape:993","oape:1015","oape:5815","نقولا سابا الانطاكي","Niqūlā Sābā al-Anṭākī","editor"
"oape:1573","oape:3006","oape:5749","نجيب كرم","Najīb Karam","editor"
"oape:984","oape:1098","oape:5437","محمد فرج","Muḥammad Faraj","editor"
"oape:984","oape:1137","oape:5437","محمد فرج","Muḥammad Faraj","editor"
"oape:1478","oape:2472","oape:5176","جورج طنوس","Jūrj Ṭannūs","editor"
"oape:3054","oape:3179","oape:5286","مسيحة ميخائيل","Masīḥa Mīkhāʾīl","editor"
"oape:883","oape:994","oape:4659","احمد رشدي","Aḥmad Rushdī","editor"
"oape:903","oape:941","oape:5959","سليم حبالين","Salīm Ḥabbālīn","editor"
"oape:903","oape:967","oape:5959","سليم حبالين","Salīm Ḥabbālīn","editor"
"oape:2126","oape:2307","oape:6085","توفيق طنوس","Tawfīq Ṭannūs","editor"
"oape:2126","oape:3001","oape:6085","توفيق طنوس","Tawfīq Ṭannūs","editor"
"oape:2126","oape:2524","oape:6085","توفيق طنوس","Tawfīq Ṭannūs","editor"
"oape:2307","oape:3001","oape:6085","توفيق طنوس","Tawfīq Ṭannūs","editor"
"oape:2307","oape:2524","oape:6085","توفيق طنوس","Tawfīq Ṭannūs","editor"
"oape:2332","oape:2198","oape:4748","بطرس معوض","Buṭrus Muʿawwaḍ","editor"
"oape:1397","oape:1383","oape:5855","قسطندي قسطة","Qusṭandī Qusṭa","editor"
"oape:1452","oape:1360","oape:4344","?","?","editor"
"oape:1452","oape:694","oape:4344","?","?","editor"
"oape:1452","oape:1286","oape:4344","?","?","editor"
"oape:1452","oape:629","oape:4344","?","?","editor"
"oape:1206","oape:1672","oape:6197","يوسف حمدي يكن","Yūsuf Ḥamdī Yakan","editor"
"oape:3007","oape:2669","oape:5436","محمد فهمي حسونة","Muḥammad Fahmī Ḥassūna","editor"
"oape:944","oape:1148","oape:5617","محمد حلمي عزيز","Muḥammad Ḥilmī ʿAzīz","editor"
"oape:1639","oape:2277","oape:4722","بندلي الياس مشحور","Bandalī Ilyās Mashḥūr","editor"
"oape:2454","oape:1758","oape:6190","يوسف","Yūsuf al-Ḥājj","editor"
"oape:2454","oape:886","oape:6190","يوسف","Yūsuf al-Ḥājj","editor"
"oape:2454","oape:2396","oape:6190","يوسف","Yūsuf al-Ḥājj","editor"
"oape:1785","oape:1922","oape:5686","مانوؤال","Mānūʾil","editor"
"oape:1785","oape:1761","oape:5686","مانوؤال","Mānūʾil","editor"
"oape:1785","oape:1897","oape:5686","مانوؤال","Mānūʾil","editor"
"oape:2544","oape:2119","oape:5040","اسكندر مكاريوس","Iskandar Makāriyūs","editor"
"oape:2544","oape:2794","oape:5040","اسكندر مكاريوس","Iskandar Makāriyūs","editor"
"oape:1001","oape:1036","oape:6168","يوسف نعمان المعلوف","Yūsuf Nuʿmān al-Maʿlūf","editor"
"oape:1001","oape:1079","oape:6168","يوسف نعمان المعلوف","Yūsuf Nuʿmān al-Maʿlūf","editor"
"oape:1036","oape:1079","oape:6168","يوسف نعمان المعلوف","Yūsuf Nuʿmān al-Maʿlūf","editor"
"oape:1335","oape:1291","oape:6312","عبد المجيد كامل","ʿAbd al-Majīd Kāmil","editor"
"oape:1045","oape:1006","oape:6590","حسن علي المصري","Ḥasan ʿAlī al-Miṣrī","editor"
"oape:747","oape:767","oape:6031","شالوم فلاح","Shālūm Fallāḥ","editor"
"oape:747","oape:764","oape:6031","شالوم فلاح","Shālūm Fallāḥ","editor"
"oape:747","oape:756","oape:6031","شالوم فلاح","Shālūm Fallāḥ","editor"
"oape:2121","oape:1801","oape:5163","جورج مسرة","Jūrj Masarra","editor"
"oape:1351","oape:1041","oape:721","سليم سركيس","سليم سركيس","editor"
"oape:1351","oape:918","oape:721","سليم سركيس","سليم سركيس","editor"
"oape:1351","oape:900","oape:721","سليم سركيس","سليم سركيس","editor"
"oape:1351","oape:1433","oape:721","سليم سركيس","سليم سركيس","editor"
"oape:781","oape:803","oape:5287","مسعود معارك","Masʿūd Maʿārik","editor"
"oape:1559","oape:1293","oape:6055","سالم سيذم تادرس","Sālim Sīdhum Tādrus","editor"
"oape:1803","oape:1918","oape:4700","احمد حمدي","Aḥmad Ḥamdī","editor"
"oape:1803","oape:1729","oape:4700","احمد حمدي","Aḥmad Ḥamdī","editor"
"oape:1044","oape:1085","oape:5912","سبع شميل","Sabʿ Shumayyil","editor"
"oape:703","oape:682","oape:6139","يوسف باخوس","Yūsuf Bākhūs","editor"
"oape:1878","oape:1871","oape:5495","محمد سعيد لطفي","Muḥammad Saʿīd Luṭfī","editor"
"oape:1490","oape:1487","oape:4903","George Nilkun de Wildberg","George Nilkun de Wildberg","editor"
"oape:1490","oape:1460","oape:4903","George Nilkun de Wildberg","George Nilkun de Wildberg","editor"
"oape:2912","oape:3164","oape:5587","محمد عبد العزيز الصدر","Muḥammad ʿAbd al-ʿAzīz al-Ṣadr","editor"
"oape:1898","oape:1172","oape:5478","محمد نجيب","Muḥammad Najīb","editor"
"oape:1898","oape:1684","oape:5478","محمد نجيب","Muḥammad Najīb","editor"
"oape:1070","oape:1015","oape:5815","نقولا سابا الانطاكي","Niqūlā Sābā al-Anṭākī","editor"
"oape:3129","oape:2392","oape:6505","عابد جمال الدين","ʿĀbid Jamāl al-Dīn","editor"
"oape:3129","oape:3120","oape:6505","عابد جمال الدين","ʿĀbid Jamāl al-Dīn","editor"
"oape:3129","oape:3120","oape:5349","محمود العشي","Maḥmūd al-ʿAshī","editor"
"oape:656","oape:628","oape:4368","اديب اسحاق","Adīb Isḥāq","editor"
"oape:656","oape:642","oape:4368","اديب اسحاق","Adīb Isḥāq","editor"
"oape:656","oape:706","oape:4368","اديب اسحاق","Adīb Isḥāq","editor"
"oape:656","oape:672","oape:4368","اديب اسحاق","Adīb Isḥāq","editor"
"oape:656","oape:642","oape:5942","سليم خليل النقاش","Salīm Khalīl al-Naqqāsh","editor"
"oape:1046","oape:1065","oape:5136","جرجي حبيب","Jurjī Ḥabīb","editor"
"oape:1046","oape:1346","oape:5136","جرجي حبيب","Jurjī Ḥabīb","editor"
"oape:1443","oape:1438","oape:6678","صالح ابن محمود","Ṣāliḥ b. Maḥmūd","editor"
"oape:1443","oape:1486","oape:6678","صالح ابن محمود","Ṣāliḥ b. Maḥmūd","editor"
"oape:1443","oape:1464","oape:6678","صالح ابن محمود","Ṣāliḥ b. Maḥmūd","editor"
"oape:1600","oape:1534","oape:5554","محمد الشريف التجاني","Muḥammad al-Sharīf al-Tijānī","editor"
"oape:1600","oape:1587","oape:5554","محمد الشريف التجاني","Muḥammad al-Sharīf al-Tijānī","editor"
"oape:2206","oape:1771","oape:5169","جورج شدياق","Jūrj Shidyāq","editor"
"oape:2206","oape:2234","oape:5169","جورج شدياق","Jūrj Shidyāq","editor"
"oape:2206","oape:2133","oape:5169","جورج شدياق","Jūrj Shidyāq","editor"
"oape:987","oape:1386","oape:5335","محمود سلامة","Maḥmūd Salāma","editor"
"oape:628","oape:642","oape:4368","اديب اسحاق","Adīb Isḥāq","editor"
"oape:628","oape:706","oape:4368","اديب اسحاق","Adīb Isḥāq","editor"
"oape:628","oape:672","oape:4368","اديب اسحاق","Adīb Isḥāq","editor"
"oape:1525","oape:1780","oape:4392","البشير الفورتي","Al-Bashīr al-Fūratī","editor"
"oape:721","oape:875","oape:6001","احمد القوصي","Shaykh Aḥmad al-Qūṣī","editor"
"oape:1208","oape:1361","oape:5417","محمد امين","Muḥammad Amīn","editor"
"oape:1208","oape:1108","oape:5417","محمد امين","Muḥammad Amīn","editor"
"oape:2642","oape:2833","oape:6407","عدلي جرجس","ʿAdlī Jirjis","editor"
"oape:2642","oape:2529","oape:6176","يوسف توما","Yūsuf Tūmā","editor"
"oape:1263","oape:901","oape:4952","ابراهيم رمزي","Ibrāhīm Ramzī","editor"
"oape:1263","oape:1247","oape:4952","ابراهيم رمزي","Ibrāhīm Ramzī","editor"
"oape:1263","oape:1327","oape:4952","ابراهيم رمزي","Ibrāhīm Ramzī","editor"
"oape:1426","oape:1481","oape:5642","محمد طلعة","Muḥammad Ṭalʿat","editor"
"oape:705","oape:707","oape:962","عبد الله النديم الإدريسي","عبد الله النديم الإدريسي","editor"
"oape:691","oape:839","oape:5073","جمس سانوا","Jams Sānuwā","editor"
"oape:691","oape:700","oape:5073","جمس سانوا","Jams Sānuwā","editor"
"oape:691","oape:658","oape:5073","جمس سانوا","Jams Sānuwā","editor"
"oape:691","oape:797","oape:5073","جمس سانوا","Jams Sānuwā","editor"
"oape:839","oape:700","oape:5073","جمس سانوا","Jams Sānuwā","editor"
"oape:839","oape:658","oape:5073","جمس سانوا","Jams Sānuwā","editor"
"oape:839","oape:797","oape:5073","جمس سانوا","Jams Sānuwā","editor"
"oape:1146","oape:1147","oape:4497","ج. سانوا ابو نظارة","Al-Shaykh J. Sānuwā Abū Naẓẓāra","editor"
"oape:2617","oape:2446","oape:6450","علي حمدي","ʿAlī Ḥamdī","editor"
"oape:2847","oape:2402","oape:5479","محمد نجيب ولاية","Muḥammad Najīb Wilāya","editor"
"oape:3193","oape:2093","oape:6048","سليمان فوزي","Sulaymān Fawzī","editor"
"oape:3193","oape:2404","oape:6048","سليمان فوزي","Sulaymān Fawzī","editor"
"oape:1256","oape:1900","oape:5424","محمد احمد عفيفي","Muḥammad Aḥmad ʿAfīfī","editor"
"oape:2242","oape:2556","oape:6485","عمر ابو النصر","ʿUmar Abū al-Naṣr","editor"
"oape:2463","oape:2546","oape:5464","محمد مكي صدقي","Muḥammad Makkī Ṣidqī","editor"
"oape:2630","oape:1316","oape:6573","حسن فهمي","Ḥasan Fahmī","editor"
"oape:619","oape:835","oape:6008","نوفل الخازن","Shaykh Nawfal al-Khāzin","editor"
"oape:608","oape:585","oape:305","بطرس البستاني","Buṭrus al-Bustānī","editor"
"oape:608","oape:615","oape:307","سليم البستاني","Salīm al-Bustānī","editor"
"oape:570","oape:281","oape:198","محمد علي","محمد علي باشا","editor"
"oape:1918","oape:1729","oape:4700","احمد حمدي","Aḥmad Ḥamdī","editor"
"oape:2619","oape:2667","oape:5056","اسماعيل حقي الخربوطلي","Ismāʿīl Ḥaqqī al-Kharbūṭlī","editor"
"oape:700","oape:658","oape:5073","جمس سانوا","Jams Sānuwā","editor"
"oape:700","oape:797","oape:5073","جمس سانوا","Jams Sānuwā","editor"
"oape:1192","oape:1135","oape:4727","بشير قصار","Bashīr Qaṣṣār","editor"
"oape:2105","oape:2015","oape:5786","نسيب عريضة","Nasīb ʿArīḍa","editor"
"oape:1103","oape:967","oape:6217","زكي رزق الله","Zakī Rizq Allāh","editor"
"oape:1777","oape:1924","oape:419","عبد الحميد الزهراوي","عبد الحميد الزهراوي","editor"
"oape:2349","oape:2518","oape:5330","محمود رفعة","Maḥmūd Rafʿat","editor"
"oape:3073","oape:2885","oape:4456","افتيموس عفيش","Al-Muṭrān Aftīmūs ʿUfaysh","editor"
"oape:1498","oape:1549","oape:6361","عبد العزيز موسی","ʿAbd al-ʿAzīz Mūsā","editor"
"oape:1550","oape:1577","oape:6472","عزيز عزة","ʿAzīz ʿIzzat","editor"
"oape:1831","oape:2222","oape:5748","نجيب جانا","Najīb Jānā","editor"
"oape:1831","oape:1908","oape:5748","نجيب جانا","Najīb Jānā","editor"
"oape:1831","oape:1948","oape:5748","نجيب جانا","Najīb Jānā","editor"
"oape:1831","oape:2036","oape:5748","نجيب جانا","Najīb Jānā","editor"
"oape:2222","oape:2450","oape:5862","قاسم الهيماني","Qāsim al-Haymānī","editor"
"oape:2222","oape:1908","oape:5748","نجيب جانا","Najīb Jānā","editor"
"oape:2222","oape:1948","oape:5748","نجيب جانا","Najīb Jānā","editor"
"oape:2222","oape:2036","oape:5748","نجيب جانا","Najīb Jānā","editor"
"oape:1908","oape:1948","oape:5748","نجيب جانا","Najīb Jānā","editor"
"oape:1908","oape:2036","oape:5748","نجيب جانا","Najīb Jānā","editor"
"oape:995","oape:1237","oape:6025","شاكر اباظة","Shākir Abāẓa","editor"
"oape:995","oape:1310","oape:5514","محمد توفيق الازهري","Muḥammad Tawfīq al-Azharī","editor"
"oape:1317","oape:1366","oape:6278","عبد الله حسون","ʿAbd Allāh Ḥassūn","editor"
"oape:1317","oape:1410","oape:6278","عبد الله حسون","ʿAbd Allāh Ḥassūn","editor"
"oape:1366","oape:1410","oape:6278","عبد الله حسون","ʿAbd Allāh Ḥassūn","editor"
"oape:2808","oape:2823","oape:5322","محمود محمد","Maḥmūd Muḥammad","editor"
"oape:2808","oape:1479","oape:5322","محمود محمد","Maḥmūd Muḥammad","editor"
"oape:2823","oape:2361","oape:4837","فرج سليمان فؤاد","Faraj Sulaymān Fuʾād","editor"
"oape:2823","oape:2372","oape:4837","فرج سليمان فؤاد","Faraj Sulaymān Fuʾād","editor"
"oape:2823","oape:2373","oape:4837","فرج سليمان فؤاد","Faraj Sulaymān Fuʾād","editor"
"oape:2823","oape:1479","oape:5322","محمود محمد","Maḥmūd Muḥammad","editor"
"oape:3113","oape:3080","oape:6167","يوسف نصار الحايك","Yūsuf Naṣṣār al-Ḥāyik","editor"
"oape:699","oape:607","oape:2821","لويس صابونجي","لويس صابونجي","editor"
"oape:699","oape:733","oape:2821","لويس صابونجي","لويس صابونجي","editor"
"oape:699","oape:948","oape:2821","لويس صابونجي","لويس صابونجي","editor"
"oape:699","oape:640","oape:2821","لويس صابونجي","لويس صابونجي","editor"
"oape:699","oape:611","oape:2821","لويس صابونجي","لويس صابونجي","editor"
"oape:699","oape:625","oape:2821","لويس صابونجي","لويس صابونجي","editor"
"oape:699","oape:612","oape:2821","لويس صابونجي","لويس صابونجي","editor"
"oape:699","oape:1139","oape:2821","لويس صابونجي","لويس صابونجي","editor"
"oape:1167","oape:746","oape:5934","سليم فارس ( الشدياق )","Salīm Fāris (al-Shidyāq)","editor"
"oape:1725","oape:2738","oape:6205","يوسف صالح الحلو","Yūsuf Ṣāliḥ al-Ḥilū","editor"
"oape:1969","oape:1943","oape:4930","ابراهيم ابو خاطر","Ibrāhīm Abū Khāṭir","editor"
"oape:986","oape:1895","oape:5548","محمد المصري","Muḥammad al-Miṣrī","editor"
"oape:150","oape:1744","oape:980","محمد فريد وجدي","Muḥammad Farīd Wajdī","editor"
"oape:150","oape:2380","oape:980","محمد فريد وجدي","Muḥammad Farīd Wajdī","editor"
"oape:2082","oape:2071","oape:5012","الياس سابا","Ilyās Sābā","editor"
"oape:3101","oape:3102","oape:6083","توفيق ضعون","Tawfīq Ḍaʿūn","editor"
"oape:1404","oape:1513","oape:4652","احمد نديم","Aḥmad Nadīm","editor"
"oape:1404","oape:1823","oape:4652","احمد نديم","Aḥmad Nadīm","editor"
"oape:1513","oape:1823","oape:4652","احمد نديم","Aḥmad Nadīm","editor"
"oape:1215","oape:1719","oape:707","احمد زكي","احمد بك زكي","editor"
"oape:1491","oape:2353","oape:4851","فثي عزمي","Fathī ʿAzmī","editor"
"oape:3000","oape:2448","oape:4380","اسعد الايوبي","Al-Amīr Asʿad al-Ayyūbī","editor"
"oape:3205","oape:2043","oape:6448","علي عبد الرحمن الحسيني","ʿAlī ʿAbd al-Raḥmān al-Ḥusaynī","editor"
"oape:2233","oape:2156","oape:5761","نجيب قسطنطين حداد","Najīb Qusṭanṭīn Ḥaddād","editor"
"oape:990","oape:1114","oape:5562","محمد التونسي","Muḥammad al-Tūnisī","editor"
"oape:990","oape:1804","oape:5562","محمد التونسي","Muḥammad al-Tūnisī","editor"
"oape:1114","oape:1804","oape:5562","محمد التونسي","Muḥammad al-Tūnisī","editor"
"oape:1114","oape:1010","oape:5814","نقولا شهادة","Niqūlā Shahāda","editor"
"oape:164","oape:1670","oape:4309","توفيق الحلبي","Tawfīq al-Ḥalabī","editor"
"oape:908","oape:936","oape:4386","الكسيوس كاتب","Al-Arshimandrīt Aliksyūs Kātib","editor"
"oape:1065","oape:1346","oape:5136","جرجي حبيب","Jurjī Ḥabīb","editor"
"oape:1635","oape:1512","oape:6151","يوسف خطار غانم","Yūsuf Khaṭṭār Ghānim","editor"
"oape:1635","oape:1609","oape:6151","يوسف خطار غانم","Yūsuf Khaṭṭār Ghānim","editor"
"oape:2491","oape:2213","oape:4426","انطون عقل","Al-Khūrī Anṭūn ʿAql","editor"
"oape:2491","oape:2406","oape:4426","انطون عقل","Al-Khūrī Anṭūn ʿAql","editor"
"oape:2567","oape:2250","oape:6097","وديع شاكر","Wadīʿ Shākir","editor"
"oape:1759","oape:2022","oape:4511","صالح اليافي","Al-Shaykh Ṣāliḥ al-Yāfī","editor"
"oape:2271","oape:2659","oape:6645","حسني يوسف","Ḥusnī Yūsuf","editor"
"oape:1535","oape:3209","oape:6604","حكمة شريف","Ḥikmat Sharīf","editor"
"oape:969","oape:887","oape:5359","محمود حلمي","Maḥmūd Ḥilmī","editor"
"oape:1297","oape:1477","oape:383","رشيد الخوري","رشيد الخوري","editor"
"oape:775","oape:880","oape:5780","نخلة قلفاط","Nakhla Qalfāṭ","editor"
"oape:775","oape:735","oape:5780","نخلة قلفاط","Nakhla Qalfāṭ","editor"
"oape:2405","oape:2877","oape:5943","سليم خوري","Salīm Khūrī","editor"
"oape:2405","oape:2460","oape:5943","سليم خوري","Salīm Khūrī","editor"
"oape:2405","oape:2443","oape:5943","سليم خوري","Salīm Khūrī","editor"
"oape:867","oape:902","oape:5212","خليل طنوس باخوس","Khalīl Ṭannūs Bākhūs","editor"
"oape:1461","oape:1444","oape:4730","بشير بن فتح الله","Bashīr bin Fatḥ Allāh","editor"
"oape:2256","oape:1578","oape:4702","احمد حلمي","Aḥmad Ḥilmī","editor"
"oape:2256","oape:1217","oape:4702","احمد حلمي","Aḥmad Ḥilmī","editor"
"oape:921","oape:917","oape:5038","اسكندر كركور","Iskandar Karkūr","editor"
"oape:1745","oape:1836","oape:4863","فكتور صبان","Fiktūr Ṣabbān","editor"
"oape:1071","oape:1158","oape:5357","محمود حمدي","Maḥmūd Ḥamdī","editor"
"oape:2301","oape:2362","oape:4958","ابراهيم زهدي","Ibrāhīm Zuhdī","editor"
"oape:1649","oape:1677","oape:4484","عارف","Al-Sayyid ʿĀrif","editor"
"oape:2190","oape:2873","oape:6164","يوسف نجم الرشماني","Yūsuf Najm al-Rishmānī","editor"
"oape:2190","oape:2210","oape:6164","يوسف نجم الرشماني","Yūsuf Najm al-Rishmānī","editor"
"oape:1414","oape:1138","oape:4931","ابراهيم ادهم","Ibrāhīm Adham","editor"
"oape:1414","oape:1159","oape:4931","ابراهيم ادهم","Ibrāhīm Adham","editor"
"oape:1414","oape:1142","oape:4931","ابراهيم ادهم","Ibrāhīm Adham","editor"
"oape:2123","oape:1631","oape:6392","عبد الحميد حمدي","ʿAbd al-Ḥamīd Ḥamdī","editor"
"oape:2123","oape:1632","oape:6392","عبد الحميد حمدي","ʿAbd al-Ḥamīd Ḥamdī","editor"
"oape:2123","oape:2500","oape:6392","عبد الحميد حمدي","ʿAbd al-Ḥamīd Ḥamdī","editor"
"oape:1692","oape:1694","oape:5607","محمد عارف الهبل","Muḥammad ʿĀrif al-Habl","editor"
"oape:580","oape:1023","oape:5042","اسكندر شلهوب","Iskandar Shalhūb","editor"
"oape:580","oape:855","oape:5042","اسكندر شلهوب","Iskandar Shalhūb","editor"
"oape:1023","oape:855","oape:5042","اسكندر شلهوب","Iskandar Shalhūb","editor"
"oape:1211","oape:1213","oape:4689","احمد عبد الاح حسين","Aḥmad ʿAbd Allāḥ Ḥusayn","editor"
"oape:1211","oape:1212","oape:4689","احمد عبد الاح حسين","Aḥmad ʿAbd Allāḥ Ḥusayn","editor"
"oape:1268","oape:1338","oape:5160","جورج اسحاق يارد","Jūrj Isḥāq Yārid","editor"
"oape:3001","oape:2524","oape:6085","توفيق طنوس","Tawfīq Ṭannūs","editor"
"oape:1536","oape:1563","oape:6383","عبد الحميد زكي","ʿAbd al-Ḥamīd Zakī","editor"
"oape:1779","oape:3093","oape:6639","حسين علي","Ḥusayn ʿAlī","editor"
"oape:3093","oape:1590","oape:6624","حسين شفيق","Ḥusayn Shafīq","editor"
"oape:3093","oape:1614","oape:6624","حسين شفيق","Ḥusayn Shafīq","editor"
"oape:1758","oape:886","oape:6190","يوسف","Yūsuf al-Ḥājj","editor"
"oape:1758","oape:2396","oape:6190","يوسف","Yūsuf al-Ḥājj","editor"
"oape:179","oape:214","oape:963","اديب نظمي","اديب أفندي نظمي","editor"
"oape:179","oape:183","oape:878","كرد علي","Muḥammad Kurd ʿAlī","editor"
"oape:179","oape:190","oape:878","كرد علي","Muḥammad Kurd ʿAlī","editor"
"oape:2180","oape:2128","oape:5586","محمد عبد العزيز","Muḥammad ʿAbd al-ʿAzīz","editor"
"oape:2467","oape:2476","oape:6380","عبد الحميد نحاس","ʿAbd al-Ḥamīd Naḥḥās","editor"
"oape:181","oape:1949","oape:825","سليم عنحوري","سليم عنحوري","editor"
"oape:1771","oape:2234","oape:5169","جورج شدياق","Jūrj Shidyāq","editor"
"oape:1771","oape:2133","oape:5169","جورج شدياق","Jūrj Shidyāq","editor"
"oape:1014","oape:1121","oape:6314","عبد المسيح انطاكي","ʿAbd al-Masīḥ Anṭākī","editor"
"oape:2298","oape:2285","oape:5457","محمد كامل","Muḥammad Kāmil","editor"
"oape:2298","oape:1732","oape:5457","محمد كامل","Muḥammad Kāmil","editor"
"oape:183","oape:190","oape:878","كرد علي","Muḥammad Kurd ʿAlī","editor"
"oape:1967","oape:1941","oape:6569","حرفوش","Ḥarfūsh","editor"
"oape:1967","oape:1941","oape:4723","برصی","Barṣā","editor"
"oape:1967","oape:1782","oape:4723","برصی","Barṣā","editor"
"oape:3020","oape:2701","oape:5183","كمال عباس","Kamāl ʿAbbās","editor"
"oape:3020","oape:2068","oape:5183","كمال عباس","Kamāl ʿAbbās","editor"
"oape:1189","oape:1202","oape:5696","ميخائيل مراد","Mīkhāʾīl Murād","editor"
"oape:1189","oape:2628","oape:5696","ميخائيل مراد","Mīkhāʾīl Murād","editor"
"oape:1716","oape:2323","oape:4852","فتح الله قسطون","Fatḥ Allāh Qasṭūn","editor"
"oape:1546","oape:1442","oape:4657","احمد رفعة","Aḥmad Rafʿat","editor"
"oape:1172","oape:1684","oape:5478","محمد نجيب","Muḥammad Najīb","editor"
"oape:1961","oape:1960","oape:6482","عزة الحجار","ʿIzzat al-Ḥajjār","editor"
"oape:1213","oape:1212","oape:4689","احمد عبد الاح حسين","Aḥmad ʿAbd Allāḥ Ḥusayn","editor"
"oape:1194","oape:1195","oape:4688","احمد عبد الله حسين","Aḥmad ʿAbd Allāh Ḥusayn","editor"
"oape:1974","oape:2171","oape:6381","عبد الحميد سالم","ʿAbd al-Ḥamīd Sālim","editor"
"oape:2333","oape:2013","oape:6457","عمرو بن قدور","ʿAmr bin Qaddūr","editor"
"oape:2392","oape:3120","oape:6505","عابد جمال الدين","ʿĀbid Jamāl al-Dīn","editor"
"oape:2376","oape:2813","oape:6665","صابر حمدي","Ṣābir Ḥamdī","editor"
"oape:1512","oape:1609","oape:6151","يوسف خطار غانم","Yūsuf Khaṭṭār Ghānim","editor"
"oape:1499","oape:2612","oape:6480","عمنوئيل فسالو","ʿImanuwʾīl Fassālū","editor"
"oape:1202","oape:647","oape:6009","حبيب الخوري","Shaykh Ḥabīb al-Khūrī","editor"
"oape:1202","oape:2628","oape:5696","ميخائيل مراد","Mīkhāʾīl Murād","editor"
"oape:2557","oape:1434","oape:5511","محمد توفيق","Muḥammad Tawfīq","editor"
"oape:2557","oape:862","oape:5511","محمد توفيق","Muḥammad Tawfīq","editor"
"oape:2557","oape:1849","oape:5511","محمد توفيق","Muḥammad Tawfīq","editor"
"oape:2557","oape:1675","oape:5511","محمد توفيق","Muḥammad Tawfīq","editor"
"oape:2400","oape:3165","oape:6281","عبد ربه بهاء الدين","ʿAbd Rabbihi Bahāʾ al-Dīn","editor"
"oape:1415","oape:1406","oape:6338","عبد الرحمان الذهبي","ʿAbd al-Raḥmān al-Dhahabī","editor"
"oape:750","oape:757","oape:934","شاهين مكاريوس","شاهين مكاريوس","editor"
"oape:750","oclc:243472096","oape:934","شاهين مكاريوس","شاهين مكاريوس","editor"
"oape:750","oape:789","oape:934","شاهين مكاريوس","شاهين مكاريوس","editor"
"oape:750","oape:1659","oape:934","شاهين مكاريوس","شاهين مكاريوس","editor"
"oape:750","oape:2103","oape:934","شاهين مكاريوس","شاهين مكاريوس","editor"
"oape:2549","oape:2553","oape:6128","يحيی اللبابيدي","Yaḥyā al-Labābīdī","editor"
"oape:1631","oape:1632","oape:6392","عبد الحميد حمدي","ʿAbd al-Ḥamīd Ḥamdī","editor"
"oape:1631","oape:2500","oape:6392","عبد الحميد حمدي","ʿAbd al-Ḥamīd Ḥamdī","editor"
"oape:1632","oape:2500","oape:6392","عبد الحميد حمدي","ʿAbd al-Ḥamīd Ḥamdī","editor"
"oape:945","oape:956","oape:6589","حسن علي","Ḥasan ʿAlī","editor"
"oape:1757","oape:1868","oape:4366","ابو الصفا طلعة","Abū al-Ṣifā Ṭalʿat","editor"
"oape:1757","oape:1837","oape:4366","ابو الصفا طلعة","Abū al-Ṣifā Ṭalʿat","editor"
"oape:1661","oape:1645","oape:6433","علي نور راغب","ʿAlī Nūr Rāghib","editor"
"oape:1428","oape:1231","oape:5664","مصطفی كامل","Muṣṭafā Kāmil Bāshā","editor"
"oape:1431","oape:1161","oape:5663","مصطفی كامل","Muṣṭafā Kāmil","editor"
"oape:1576","oape:1482","oape:5577","محمد بن عمران","Muḥammad bin ʿUmrān","editor"
"oape:941","oape:967","oape:5959","سليم حبالين","Salīm Ḥabbālīn","editor"
"oape:1191","oape:1261","oape:6019","شكري جرجس انطون","Shukrī Jirjis Anṭūn","editor"
"oape:1628","oape:1638","oape:5626","محمد صفا","Muḥammad Ṣafā Bey","editor"
"oape:197","oape:732","oape:266","جمال الدين الافغاني","جمال الدين الافغاني","editor"
"oape:197","oape:732","oape:809","محمد عبده","الشيخ محمد عبده","editor"
"oape:197","oape:281","oape:809","محمد عبده","الشيخ محمد عبده","editor"
"oape:732","oape:281","oape:809","محمد عبده","الشيخ محمد عبده","editor"
"oape:1948","oape:2036","oape:5748","نجيب جانا","Najīb Jānā","editor"
"oape:2285","oape:1732","oape:5457","محمد كامل","Muḥammad Kāmil","editor"
"oape:1941","oape:1782","oape:4723","برصی","Barṣā","editor"
"oape:2212","oape:2304","oape:5291","معروف الارناؤط","Maʿrūf al-Arnāʾuṭ","editor"
"oape:2877","oape:2460","oape:5943","سليم خوري","Salīm Khūrī","editor"
"oape:2877","oape:2443","oape:5943","سليم خوري","Salīm Khūrī","editor"
"oape:2896","oape:2883","oape:4714","بديع خيري","Badīʿ Khayrī","editor"
"oape:2896","oape:2863","oape:4714","بديع خيري","Badīʿ Khayrī","editor"
"oape:2336","oape:1856","oape:6187","يوسف العيسی","Yūsuf al-ʿĪsā","editor"
"oape:2153","oape:2760","oape:6015","شكري بخاش","Shukrī Bakhkhāsh","editor"
"oape:2153","oape:1835","oape:6015","شكري بخاش","Shukrī Bakhkhāsh","editor"
"oape:2760","oape:1835","oape:6015","شكري بخاش","Shukrī Bakhkhāsh","editor"
"oape:1983","oape:1970","oape:459","عبد الغني العريسي","عبد الغني أفندي العريسي","editor"
"oape:1983","oape:2055","oape:459","عبد الغني العريسي","عبد الغني أفندي العريسي","editor"
"oape:1914","oape:2026","oape:5175","جورج حداد","Jūrj Ḥaddād","editor"
"oape:2247","oape:2041","oape:6080","توفيق الناطور","Tawfīq al-Nāṭūr","editor"
"oape:2354","oape:1508","oape:4843","فريد غصن","Farīd Ghuṣn","editor"
"oape:2237","oape:2269","oape:6489","عمر شاكر","ʿUmar Shākir","editor"
"oape:2237","oape:2339","oape:6489","عمر شاكر","ʿUmar Shākir","editor"
"oape:2269","oape:2339","oape:6489","عمر شاكر","ʿUmar Shākir","editor"
"oape:1080","oape:2529","oape:5302","محمود انيس","Maḥmūd Anīs","editor"
"oape:3100","oape:2914","oape:4879","فؤاد زيدان","Fuʾād Zaydān","editor"
"oape:800","oape:2385","oape:299","خليل البدوى","خليل البدوى","editor"
"oape:800","oape:779","oape:299","خليل البدوى","خليل البدوى","editor"
"oape:800","oape:770","oape:299","خليل البدوى","خليل البدوى","editor"
"oape:2385","oape:779","oape:299","خليل البدوى","خليل البدوى","editor"
"oape:2385","oape:770","oape:299","خليل البدوى","خليل البدوى","editor"
"oape:1360","oape:694","oape:4344","?","?","editor"
"oape:1360","oape:1286","oape:4344","?","?","editor"
"oape:1360","oape:629","oape:4344","?","?","editor"
"oape:901","oape:1247","oape:4952","ابراهيم رمزي","Ibrāhīm Ramzī","editor"
"oape:901","oape:1327","oape:4952","ابراهيم رمزي","Ibrāhīm Ramzī","editor"
"oape:2538","oape:3124","oape:6556","حنا ابي راشد","Ḥannā Abī Rāshid","editor"
"oape:2685","oape:2686","oape:5638","محمد صالح","Muḥammad Ṣāliḥ","editor"
"oape:891","oape:926","oape:6240","اميدي شراباتي","Āmédé Sharābātī","editor"
"oape:1578","oape:1217","oape:4702","احمد حلمي","Aḥmad Ḥilmī","editor"
"oape:2093","oape:2404","oape:6048","سليمان فوزي","Sulaymān Fawzī","editor"
"oape:2526","oape:2771","oape:5763","نجيب يوسف","Najīb Yūsuf","editor"
"oape:779","oape:770","oape:299","خليل البدوى","خليل البدوى","editor"
"oape:1041","oape:918","oape:721","سليم سركيس","سليم سركيس","editor"
"oape:1041","oape:900","oape:721","سليم سركيس","سليم سركيس","editor"
"oape:1041","oape:1433","oape:721","سليم سركيس","سليم سركيس","editor"
"oape:2498","oape:2161","oape:6013","شبلي رزق","Shiblī Rizq","editor"
"oape:1004","oape:1130","oape:5485","محمد قاسم الجندي","Muḥammad Qāsim al-Jundī","editor"
"oape:620","oape:621","oape:5956","سليم الحموي","Salīm al-Ḥamawī","editor"
"oape:667","oape:660","oape:5721","موسى كاستلي","Mūsā Kāstilī/Castelli","editor"
"oape:1487","oape:1460","oape:4903","George Nilkun de Wildberg","George Nilkun de Wildberg","editor"
"oape:757","oclc:243472096","oape:934","شاهين مكاريوس","شاهين مكاريوس","editor"
"oape:757","oape:789","oape:934","شاهين مكاريوس","شاهين مكاريوس","editor"
"oape:757","oape:1659","oape:934","شاهين مكاريوس","شاهين مكاريوس","editor"
"oape:757","oape:2103","oape:934","شاهين مكاريوس","شاهين مكاريوس","editor"
"oape:2119","oape:2794","oape:5040","اسكندر مكاريوس","Iskandar Makāriyūs","editor"
"oape:224","oape:242","oape:872","مصطفى كامل","مصطفى كامل","editor"
"oape:3196","oape:1964","oape:5030","اميل حبشي","Imīl Ḥabashī","editor"
"oape:1590","oape:1614","oape:6624","حسين شفيق","Ḥusayn Shafīq","editor"
"oape:745","oape:823","oape:5984","سيماح بن نطان ليفي","Sīmāḥ bin Niṭān Līfī","editor"
"oape:745","oape:777","oape:5984","سيماح بن نطان ليفي","Sīmāḥ bin Niṭān Līfī","editor"
"oape:745","oape:782","oape:5984","سيماح بن نطان ليفي","Sīmāḥ bin Niṭān Līfī","editor"
"oape:745","oape:806","oape:5984","سيماح بن نطان ليفي","Sīmāḥ bin Niṭān Līfī","editor"
"oape:745","oape:1009","oape:5984","سيماح بن نطان ليفي","Sīmāḥ bin Niṭān Līfī","editor"
"oape:745","oape:860","oape:5984","سيماح بن نطان ليفي","Sīmāḥ bin Niṭān Līfī","editor"
"oape:767","oape:764","oape:6031","شالوم فلاح","Shālūm Fallāḥ","editor"
"oape:767","oape:756","oape:6031","شالوم فلاح","Shālūm Fallāḥ","editor"
"oape:2358","oape:1373","oape:5972","علي الحريري","Sayyid ʿAlī al-Ḥarīrī","editor"
"oape:2547","oape:3027","oape:5742","نجيب غطاس","Najīb Ghuṭṭās","editor"
"oape:2799","oape:3162","oape:4554","امين ابراهيم الازهري","Amīn Ibrāhīm al-Azharī","editor"
"oape:823","oape:777","oape:5984","سيماح بن نطان ليفي","Sīmāḥ bin Niṭān Līfī","editor"
"oape:823","oape:782","oape:5984","سيماح بن نطان ليفي","Sīmāḥ bin Niṭān Līfī","editor"
"oape:823","oape:806","oape:5984","سيماح بن نطان ليفي","Sīmāḥ bin Niṭān Līfī","editor"
"oape:823","oape:1009","oape:5984","سيماح بن نطان ليفي","Sīmāḥ bin Niṭān Līfī","editor"
"oape:823","oape:860","oape:5984","سيماح بن نطان ليفي","Sīmāḥ bin Niṭān Līfī","editor"
"oape:766","oape:786","oape:4818","ديمتري مسكوناس","Dīmitrī Maskūnās","editor"
"oape:2865","oape:2844","oape:5965","سيف الدين سمان","Sayf al-Dīn Simān","editor"
"oape:2387","oape:2780","oape:5152","جوليی طعمة دمشقية","Jūliyā Ṭaʿma Dimashqiyya","editor"
"oape:1247","oape:1327","oape:4952","ابراهيم رمزي","Ibrāhīm Ramzī","editor"
"oape:1123","oape:1867","oape:6425","علي لطفي","ʿAlī Luṭfī","editor"
"oape:886","oape:2396","oape:6190","يوسف","Yūsuf al-Ḥājj","editor"
"oape:3210","oape:3230","oape:4696","احمد عزة","Aḥmad ʿIzzat","editor"
"oape:1138","oape:1159","oape:4931","ابراهيم ادهم","Ibrāhīm Adham","editor"
"oape:1138","oape:1142","oape:4931","ابراهيم ادهم","Ibrāhīm Adham","editor"
"oape:1159","oape:1142","oape:4931","ابراهيم ادهم","Ibrāhīm Adham","editor"
"oape:654","oape:349","oape:720","خليل سركيس","خليل سركيس","editor"
"oape:918","oape:900","oape:721","سليم سركيس","سليم سركيس","editor"
"oape:918","oape:1433","oape:721","سليم سركيس","سليم سركيس","editor"
"oape:1846","oape:2312","oape:4531","الطيب بن عيسی","Al-Ṭayyib bin ʿĪsā","editor"
"oape:1869","oape:1921","oape:6398","عبد الحسين الازري","ʿAbd al-Ḥusayn al-Uzrī","editor"
"oape:1235","oape:1830","oape:6036","سجعان عارج سعادة","Sijʿān ʿĀrij Saʿāda","editor"
"oape:3151","oape:2196","oape:6533","حبيب كحالة","Ḥabīb Kaḥḥāla","editor"
"oape:1741","oape:1644","oape:6460","عقل البشعلاني","ʿAql al-Bishʿalānī","editor"
"oclc:243472096","oape:789","oape:780","يعقوب صروف","يعقوب صروف","editor"
"oclc:243472096","oape:1659","oape:780","يعقوب صروف","يعقوب صروف","editor"
"oclc:243472096","oape:2103","oape:780","يعقوب صروف","يعقوب صروف","editor"
"oclc:243472096","oape:789","oape:934","شاهين مكاريوس","شاهين مكاريوس","editor"
"oclc:243472096","oape:1659","oape:934","شاهين مكاريوس","شاهين مكاريوس","editor"
"oclc:243472096","oape:2103","oape:934","شاهين مكاريوس","شاهين مكاريوس","editor"
"oape:789","oape:1659","oape:780","يعقوب صروف","يعقوب صروف","editor"
"oape:789","oape:2103","oape:780","يعقوب صروف","يعقوب صروف","editor"
"oape:789","oape:1659","oape:934","شاهين مكاريوس","شاهين مكاريوس","editor"
"oape:789","oape:2103","oape:934","شاهين مكاريوس","شاهين مكاريوس","editor"
"oape:1659","oape:2103","oape:780","يعقوب صروف","يعقوب صروف","editor"
"oape:1659","oape:2103","oape:934","شاهين مكاريوس","شاهين مكاريوس","editor"
"oape:1456","oape:1496","oape:4430","فيلبس جرو","Al-Khūrī Fīlibs Jurrū","editor"
"oape:2460","oape:2443","oape:5058","اسحق صروف","Isḥaq Ṣarrūf","editor"
"oape:2460","oape:2443","oape:5943","سليم خوري","Salīm Khūrī","editor"
"oape:931","oape:960","oape:5450","محمد ابراهيم","Muḥammad Ibrāhīm","editor"
"oape:2507","oape:2104","oape:5134","جرجي عوض","Jurjī ʿAwaḍ","editor"
"oape:2869","oape:2705","oape:5920","سلمان ال ابراهيم الصفواني","Salmān Āl Ibrāhīm al-Ṣafwānī","editor"
"oape:1534","oape:1587","oape:5554","محمد الشريف التجاني","Muḥammad al-Sharīf al-Tijānī","editor"
"oape:2873","oape:2210","oape:6164","يوسف نجم الرشماني","Yūsuf Najm al-Rishmānī","editor"
"oape:1110","oape:1086","oape:935","نعوم مكرزل","نعوم أفندي مكرزل","editor"
"oape:1110","oape:1916","oape:935","نعوم مكرزل","نعوم أفندي مكرزل","editor"
"oape:1110","oape:1175","oape:935","نعوم مكرزل","نعوم أفندي مكرزل","editor"
"oape:1110","oape:1176","oape:935","نعوم مكرزل","نعوم أفندي مكرزل","editor"
"oape:1434","oape:862","oape:5511","محمد توفيق","Muḥammad Tawfīq","editor"
"oape:1434","oape:1849","oape:5511","محمد توفيق","Muḥammad Tawfīq","editor"
"oape:1434","oape:1675","oape:5511","محمد توفيق","Muḥammad Tawfīq","editor"
"oape:2806","oape:2763","oape:6629","حسين سعودي","Ḥusayn Suʿūdī","editor"
"oape:2440","oape:2511","oape:4975","ابراهيم صالح شكر","Ibrāhīm Ṣāliḥ Shukr","editor"
"oape:2440","oape:2020","oape:4975","ابراهيم صالح شكر","Ibrāhīm Ṣāliḥ Shukr","editor"
"oape:2511","oape:2020","oape:4975","ابراهيم صالح شكر","Ibrāhīm Ṣāliḥ Shukr","editor"
"oape:777","oape:782","oape:5984","سيماح بن نطان ليفي","Sīmāḥ bin Niṭān Līfī","editor"
"oape:777","oape:806","oape:5984","سيماح بن نطان ليفي","Sīmāḥ bin Niṭān Līfī","editor"
"oape:777","oape:1009","oape:5984","سيماح بن نطان ليفي","Sīmāḥ bin Niṭān Līfī","editor"
"oape:777","oape:860","oape:5984","سيماح بن نطان ليفي","Sīmāḥ bin Niṭān Līfī","editor"
"oape:607","oape:733","oape:2821","لويس صابونجي","لويس صابونجي","editor"
"oape:607","oape:948","oape:2821","لويس صابونجي","لويس صابونجي","editor"
"oape:607","oape:640","oape:2821","لويس صابونجي","لويس صابونجي","editor"
"oape:607","oape:611","oape:2821","لويس صابونجي","لويس صابونجي","editor"
"oape:607","oape:625","oape:2821","لويس صابونجي","لويس صابونجي","editor"
"oape:607","oape:612","oape:2821","لويس صابونجي","لويس صابونجي","editor"
"oape:607","oape:1139","oape:2821","لويس صابونجي","لويس صابونجي","editor"
"oape:733","oape:948","oape:2821","لويس صابونجي","لويس صابونجي","editor"
"oape:733","oape:640","oape:2821","لويس صابونجي","لويس صابونجي","editor"
"oape:733","oape:611","oape:2821","لويس صابونجي","لويس صابونجي","editor"
"oape:733","oape:625","oape:2821","لويس صابونجي","لويس صابونجي","editor"
"oape:733","oape:612","oape:2821","لويس صابونجي","لويس صابونجي","editor"
"oape:733","oape:1139","oape:2821","لويس صابونجي","لويس صابونجي","editor"
"oape:948","oape:640","oape:2821","لويس صابونجي","لويس صابونجي","editor"
"oape:948","oape:611","oape:2821","لويس صابونجي","لويس صابونجي","editor"
"oape:948","oape:625","oape:2821","لويس صابونجي","لويس صابونجي","editor"
"oape:948","oape:612","oape:2821","لويس صابونجي","لويس صابونجي","editor"
"oape:948","oape:1139","oape:2821","لويس صابونجي","لويس صابونجي","editor"
"oape:640","oape:611","oape:2821","لويس صابونجي","لويس صابونجي","editor"
"oape:640","oape:625","oape:2821","لويس صابونجي","لويس صابونجي","editor"
"oape:640","oape:612","oape:2821","لويس صابونجي","لويس صابونجي","editor"
"oape:640","oape:1139","oape:2821","لويس صابونجي","لويس صابونجي","editor"
"oape:611","oape:625","oape:2821","لويس صابونجي","لويس صابونجي","editor"
"oape:611","oape:612","oape:2821","لويس صابونجي","لويس صابونجي","editor"
"oape:611","oape:1139","oape:2821","لويس صابونجي","لويس صابونجي","editor"
"oape:625","oape:612","oape:2821","لويس صابونجي","لويس صابونجي","editor"
"oape:625","oape:1139","oape:2821","لويس صابونجي","لويس صابونجي","editor"
"oape:612","oape:1139","oape:2821","لويس صابونجي","لويس صابونجي","editor"
"oape:2010","oape:1979","oape:5962","سمعان منصور الحاماتي","Samʿān Manṣūr al-Ḥāmātī","editor"
"oape:2174","oape:2072","oape:6040","سمعان الحاماتي","Simʿān al-Ḥāmātī","editor"
"oape:1932","oape:1098","oape:5363","محمود طاهر","Maḥmūd Ṭāhir","editor"
"oape:1932","oape:1048","oape:5363","محمود طاهر","Maḥmūd Ṭāhir","editor"
"oape:866","oape:837","oape:4469","القس واتسون","Al-Qiss Watson","editor"
"oape:3064","oape:3199","oape:6115","وزارة الزراعة المصرية","Wizārat al-Zirāʿa al-Miṣriyya","editor"
"oape:862","oape:1849","oape:5511","محمد توفيق","Muḥammad Tawfīq","editor"
"oape:862","oape:1675","oape:5511","محمد توفيق","Muḥammad Tawfīq","editor"
"oape:1165","oape:954","oape:6088","تادرس شنودة المنقبادي","Tādrus Shanūda al-Manqabādī","editor"
"oape:2361","oape:2372","oape:4837","فرج سليمان فؤاد","Faraj Sulaymān Fuʾād","editor"
"oape:2361","oape:2373","oape:4837","فرج سليمان فؤاد","Faraj Sulaymān Fuʾād","editor"
"oape:2372","oape:2373","oape:4837","فرج سليمان فؤاد","Faraj Sulaymān Fuʾād","editor"
"oape:1086","oape:1916","oape:935","نعوم مكرزل","نعوم أفندي مكرزل","editor"
"oape:1086","oape:1175","oape:935","نعوم مكرزل","نعوم أفندي مكرزل","editor"
"oape:1086","oape:1176","oape:935","نعوم مكرزل","نعوم أفندي مكرزل","editor"
"oape:1916","oape:1175","oape:935","نعوم مكرزل","نعوم أفندي مكرزل","editor"
"oape:1916","oape:1176","oape:935","نعوم مكرزل","نعوم أفندي مكرزل","editor"
"oape:1361","oape:1108","oape:5417","محمد امين","Muḥammad Amīn","editor"
"oape:1361","oape:1475","oape:6339","عبد الرحمان الهندي","ʿAbd al-Raḥmān al-Hindī","editor"
"oape:1361","oape:1446","oape:6339","عبد الرحمان الهندي","ʿAbd al-Raḥmān al-Hindī","editor"
"oape:1744","oape:2380","oape:980","محمد فريد وجدي","Muḥammad Farīd Wajdī","editor"
"oape:1175","oape:1176","oape:935","نعوم مكرزل","نعوم أفندي مكرزل","editor"
"oape:2796","oape:3180","oape:4938","ابراهيم فرج كشك","Ibrāhīm Faraj Kishk","editor"
"oape:2701","oape:2068","oape:5183","كمال عباس","Kamāl ʿAbbās","editor"
"oape:1798","oape:2164","oape:6341","عبد الرحمن المصري","ʿAbd al-Raḥmān al-Miṣrī","editor"
"oape:1798","oape:2179","oape:6341","عبد الرحمن المصري","ʿAbd al-Raḥmān al-Miṣrī","editor"
"oape:2409","oape:2410","oape:5440","محمد فرحات","Muḥammad Farḥāt","editor"
"oape:2418","oape:2243","oape:4407","يوسف شمونتي","Al-Duktūr Yūsuf Shamūntī","editor"
"oape:2259","oape:2470","oape:6514","عيسی بندك","ʿĪsā Bunduk","editor"
"oape:2140","oape:1800","oape:5794","نعوم فائق","Naʿūm Fāʾiq","editor"
"oape:957","oape:911","oape:241","امين ارسلان","امين ارسلان","editor"
"oape:1922","oape:1761","oape:5686","مانوؤال","Mānūʾil","editor"
"oape:1922","oape:1897","oape:5686","مانوؤال","Mānūʾil","editor"
"oape:1849","oape:1675","oape:5511","محمد توفيق","Muḥammad Tawfīq","editor"
"oape:1629","oape:1733","oape:5456","محمد خير الدين","Muḥammad Khayr al-Dīn","editor"
"oape:1438","oape:1486","oape:6678","صالح ابن محمود","Ṣāliḥ b. Maḥmūd","editor"
"oape:1438","oape:1464","oape:6678","صالح ابن محمود","Ṣāliḥ b. Maḥmūd","editor"
"oape:1486","oape:1464","oape:6678","صالح ابن محمود","Ṣāliḥ b. Maḥmūd","editor"
"oape:782","oape:806","oape:5984","سيماح بن نطان ليفي","Sīmāḥ bin Niṭān Līfī","editor"
"oape:782","oape:1009","oape:5984","سيماح بن نطان ليفي","Sīmāḥ bin Niṭān Līfī","editor"
"oape:782","oape:860","oape:5984","سيماح بن نطان ليفي","Sīmāḥ bin Niṭān Līfī","editor"
"oape:1098","oape:1048","oape:5363","محمود طاهر","Maḥmūd Ṭāhir","editor"
"oape:1098","oape:1137","oape:5437","محمد فرج","Muḥammad Faraj","editor"
"oape:2229","oape:2327","oape:6626","حسين شريف","Ḥusayn Sharīf","editor"
"oape:2626","oape:3024","oape:4924","هاشم خانكان","Hāshim Khānkān","editor"
"oape:2164","oape:2179","oape:6341","عبد الرحمن المصري","ʿAbd al-Raḥmān al-Miṣrī","editor"
"oape:806","oape:1009","oape:5984","سيماح بن نطان ليفي","Sīmāḥ bin Niṭān Līfī","editor"
"oape:806","oape:860","oape:5984","سيماح بن نطان ليفي","Sīmāḥ bin Niṭān Līfī","editor"
"oape:2382","oape:2698","oape:6242","ايليا زكی","Īliyā Zakkā","editor"
"oape:1868","oape:1837","oape:4366","ابو الصفا طلعة","Abū al-Ṣifā Ṭalʿat","editor"
"oape:1905","oape:1887","oape:5252","لطفي فكرة","Luṭfī Fikrat","editor"
"oape:2038","oape:2621","oape:4582","انيس عبد الخوري","Anīs ʿAbd al-Khūrī","editor"
"oape:900","oape:1433","oape:721","سليم سركيس","سليم سركيس","editor"
"oape:658","oape:797","oape:5073","جمس سانوا","Jams Sānuwā","editor"
"oape:2213","oape:2406","oape:4426","انطون عقل","Al-Khūrī Anṭūn ʿAql","editor"
"oape:815","oape:1555","oape:5217","خالد قارسلي","Khālid Effendi Qārslī","editor"
"oape:1334","oape:2788","oape:5600","محمد علي حسن","Muḥammad ʿAlī Ḥasan","editor"
"oape:2234","oape:2133","oape:5169","جورج شدياق","Jūrj Shidyāq","editor"
"oape:1344","oape:1332","oape:6333","عبد الرحمن هندي","ʿAbd al-Raḥmān Hindī","editor"
"oape:1986","oape:2985","oape:5625","محمد صفا","Muḥammad Ṣafā","editor"
"oape:1986","oape:1524","oape:5625","محمد صفا","Muḥammad Ṣafā","editor"
"oape:880","oape:735","oape:5780","نخلة قلفاط","Nakhla Qalfāṭ","editor"
"oape:2959","oape:2820","oape:5699","ميخائيل تبسي","Mīkhāʾīl Tabsī","editor"
"oape:694","oape:1286","oape:4344","?","?","editor"
"oape:694","oape:629","oape:4344","?","?","editor"
"oape:1805","oape:1976","oape:4937","ابراهيم فهيم","Ibrāhīm Fahīm","editor"
"oape:2637","oape:2127","oape:6684","طلبة المدرسة","Ṭalbat al-Madrasa","editor"
"oape:2985","oape:1524","oape:5625","محمد صفا","Muḥammad Ṣafā","editor"
"oape:2841","oape:2832","oape:4581","انيس جابر","Anīs Jābir","editor"
"oape:2976","oape:2139","oape:6391","عبد الحميد حداد","ʿAbd al-Ḥamīd Ḥaddād","editor"
"oape:1970","oape:2055","oape:459","عبد الغني العريسي","عبد الغني أفندي العريسي","editor"
"oape:1475","oape:1446","oape:6339","عبد الرحمان الهندي","ʿAbd al-Raḥmān al-Hindī","editor"
"oape:764","oape:756","oape:6031","شالوم فلاح","Shālūm Fallāḥ","editor"
"oape:1009","oape:860","oape:5984","سيماح بن نطان ليفي","Sīmāḥ bin Niṭān Līfī","editor"
"oape:1770","oape:1876","oape:4889","فاتح عمري","Fātiḥ ʿUmarī","editor"
"oape:722","oape:716","oape:6261","عبد الله مراش","ʿAbd Allāh Marrāsh","editor"
"oape:736","oape:742","oape:5759","نجيب نادر","Najīb Nādir","editor"
"oape:2368","oape:2369","oape:242","شكيب ارسلان","الأمير شكيب ارسلان","editor"
"oape:1286","oape:629","oape:4344","?","?","editor"
"oape:1463","oape:1465","oape:5881","رحمين فرجون","Raḥmīn Farjūn","editor"
"oape:1761","oape:1897","oape:5686","مانوؤال","Mānūʾil","editor"
"oape:642","oape:706","oape:4368","اديب اسحاق","Adīb Isḥāq","editor"
"oape:642","oape:672","oape:4368","اديب اسحاق","Adīb Isḥāq","editor"
"oape:706","oape:672","oape:4368","اديب اسحاق","Adīb Isḥāq","editor"
"oape:2883","oape:2863","oape:4714","بديع خيري","Badīʿ Khayrī","editor"
"oape:2751","oape:2973","oape:5582","محمد عبد اللطيف","Muḥammad ʿAbd al-Laṭīf","editor"
"oape:2554","oape:2148","oape:5689","ماري يني","Mārī Yannī","editor"
