"source","target","location","edge.type"
"oape:154","oape:197","geon:2988507","loc"
"oclc:183354137","oape:154","geon:2988507","loc"
"oclc:183354137","oape:197","geon:2988507","loc"
"oape:395","oape:501","geon:5128581","loc"
"oclc:70845599","oclc:70845599","geon:170654","loc"
"oclc:70845599","oclc:70845599","geon:170654","loc"
"oclc:70845599","oclc:70845599","geon:170654","loc"
"oclc:70845599","oclc:644997575","geon:170654","loc"
"oclc:70845599","oape:45","geon:170654","loc"
"oclc:70845599","oape:179","geon:170654","loc"
"oclc:70845599","oape:544","geon:170654","loc"
"oclc:70845599","oape:183","geon:170654","loc"
"oclc:70845599","oape:511","geon:170654","loc"
"oclc:70845599","oape:214","geon:170654","loc"
"oclc:70845599","oclc:792755094","geon:170654","loc"
"oclc:70845599","oclc:70845599","geon:170654","loc"
"oclc:70845599","oclc:70845599","geon:170654","loc"
"oclc:70845599","oclc:644997575","geon:170654","loc"
"oclc:70845599","oape:45","geon:170654","loc"
"oclc:70845599","oape:179","geon:170654","loc"
"oclc:70845599","oape:544","geon:170654","loc"
"oclc:70845599","oape:183","geon:170654","loc"
"oclc:70845599","oape:511","geon:170654","loc"
"oclc:70845599","oape:214","geon:170654","loc"
"oclc:70845599","oclc:792755094","geon:170654","loc"
"oclc:70845599","oclc:70845599","geon:170654","loc"
"oclc:70845599","oclc:644997575","geon:170654","loc"
"oclc:70845599","oape:45","geon:170654","loc"
"oclc:70845599","oape:179","geon:170654","loc"
"oclc:70845599","oape:544","geon:170654","loc"
"oclc:70845599","oape:183","geon:170654","loc"
"oclc:70845599","oape:511","geon:170654","loc"
"oclc:70845599","oape:214","geon:170654","loc"
"oclc:70845599","oclc:792755094","geon:170654","loc"
"oclc:70845599","oclc:644997575","geon:170654","loc"
"oclc:70845599","oape:45","geon:170654","loc"
"oclc:70845599","oape:179","geon:170654","loc"
"oclc:70845599","oape:544","geon:170654","loc"
"oclc:70845599","oape:183","geon:170654","loc"
"oclc:70845599","oape:511","geon:170654","loc"
"oclc:70845599","oape:214","geon:170654","loc"
"oclc:70845599","oclc:792755094","geon:170654","loc"
"oclc:792756309","oclc:70845599","geon:170654","loc"
"oclc:792756309","oclc:70845599","geon:170654","loc"
"oclc:792756309","oclc:70845599","geon:170654","loc"
"oclc:792756309","oclc:70845599","geon:170654","loc"
"oclc:792756309","oclc:644997575","geon:170654","loc"
"oclc:792756309","oape:45","geon:170654","loc"
"oclc:792756309","oape:179","geon:170654","loc"
"oclc:792756309","oape:544","geon:170654","loc"
"oclc:792756309","oape:183","geon:170654","loc"
"oclc:792756309","oape:511","geon:170654","loc"
"oclc:792756309","oape:214","geon:170654","loc"
"oclc:792756309","oclc:792755094","geon:170654","loc"
"oclc:792756327","oclc:1034550756","geon:276781","loc"
"oclc:792756327","oape:40","geon:276781","loc"
"oclc:792756327","oape:47","geon:276781","loc"
"oclc:792756327","oclc:1034548778","geon:276781","loc"
"oclc:792756327","oape:48","geon:276781","loc"
"oclc:792756327","oclc:792755216","geon:276781","loc"
"oclc:792756327","oape:514","geon:276781","loc"
"oclc:792756327","oape:516","geon:276781","loc"
"oclc:792756327","oape:517","geon:276781","loc"
"oclc:792756327","oape:522","geon:276781","loc"
"oclc:792756327","oape:538","geon:276781","loc"
"oclc:792756327","oape:79","geon:276781","loc"
"oclc:792756327","oape:95","geon:276781","loc"
"oclc:792756327","oclc:1086411815","geon:276781","loc"
"oclc:792756327","oclc:472081984","geon:276781","loc"
"oclc:792756327","oape:466","geon:276781","loc"
"oclc:792756327","oape:133","geon:276781","loc"
"oclc:792756327","oape:140","geon:276781","loc"
"oclc:792756327","oape:143","geon:276781","loc"
"oclc:792756327","oape:169","geon:276781","loc"
"oclc:792756327","oape:505","geon:276781","loc"
"oclc:792756327","oclc:1034549493","geon:276781","loc"
"oclc:792756327","oape:481","geon:276781","loc"
"oclc:792756327","oclc:792755884","geon:276781","loc"
"oclc:792756327","oape:515","geon:276781","loc"
"oclc:792756327","oape:272","geon:276781","loc"
"oclc:792756327","oape:274","geon:276781","loc"
"oclc:792756327","oape:287","geon:276781","loc"
"oclc:792756327","oape:348","geon:276781","loc"
"oclc:792756327","oape:349","geon:276781","loc"
"oape:517","oape:522","geon:276781","loc"
"oape:517","oape:538","geon:276781","loc"
"oape:517","oape:79","geon:276781","loc"
"oape:517","oape:95","geon:276781","loc"
"oape:517","oclc:1086411815","geon:276781","loc"
"oape:517","oclc:472081984","geon:276781","loc"
"oape:517","oape:466","geon:276781","loc"
"oape:517","oape:133","geon:276781","loc"
"oape:517","oape:140","geon:276781","loc"
"oape:517","oape:143","geon:276781","loc"
"oape:517","oape:169","geon:276781","loc"
"oape:517","oape:505","geon:276781","loc"
"oape:517","oclc:1034549493","geon:276781","loc"
"oape:517","oape:481","geon:276781","loc"
"oape:517","oclc:792755884","geon:276781","loc"
"oape:517","oape:515","geon:276781","loc"
"oape:517","oape:272","geon:276781","loc"
"oape:517","oape:274","geon:276781","loc"
"oape:517","oape:287","geon:276781","loc"
"oape:517","oape:348","geon:276781","loc"
"oape:517","oape:349","geon:276781","loc"
"oclc:1034551122","oape:519","geon:266045","loc"
"oclc:1034551122","oape:520","geon:266045","loc"
"oclc:1034551122","oape:521","geon:266045","loc"
"oape:78","oape:80","geon:360630","loc"
"oape:78","oape:528","geon:360630","loc"
"oape:78","oape:150","geon:360630","loc"
"oape:78","oape:167","geon:360630","loc"
"oape:78","oape:182","geon:360630","loc"
"oape:78","oape:202","geon:360630","loc"
"oape:78","oape:224","geon:360630","loc"
"oape:78","oclc:243472096","geon:360630","loc"
"oape:78","oape:281","geon:360630","loc"
"oape:78","oape:548","geon:360630","loc"
"oape:78","oape:499","geon:360630","loc"
"oape:79","oape:95","geon:276781","loc"
"oape:79","oclc:1086411815","geon:276781","loc"
"oape:79","oclc:472081984","geon:276781","loc"
"oape:79","oape:466","geon:276781","loc"
"oape:79","oape:133","geon:276781","loc"
"oape:79","oape:140","geon:276781","loc"
"oape:79","oape:143","geon:276781","loc"
"oape:79","oape:169","geon:276781","loc"
"oape:79","oape:505","geon:276781","loc"
"oape:79","oclc:1034549493","geon:276781","loc"
"oape:79","oape:481","geon:276781","loc"
"oape:79","oclc:792755884","geon:276781","loc"
"oape:79","oape:515","geon:276781","loc"
"oape:79","oape:272","geon:276781","loc"
"oape:79","oape:274","geon:276781","loc"
"oape:79","oape:287","geon:276781","loc"
"oape:79","oape:348","geon:276781","loc"
"oape:79","oape:349","geon:276781","loc"
"oape:80","oape:528","geon:360630","loc"
"oape:80","oape:150","geon:360630","loc"
"oape:80","oape:167","geon:360630","loc"
"oape:80","oape:182","geon:360630","loc"
"oape:80","oape:202","geon:360630","loc"
"oape:80","oape:224","geon:360630","loc"
"oape:80","oclc:243472096","geon:360630","loc"
"oape:80","oape:281","geon:360630","loc"
"oape:80","oape:548","geon:360630","loc"
"oape:80","oape:499","geon:360630","loc"
"oclc:1036721166","oclc:931941685","geon:360630","loc"
"oclc:1036721166","oclc:4770057679","geon:360630","loc"
"oclc:1036721166","oclc:1639361","geon:360630","loc"
"oclc:1036721166","oclc:792754974","geon:360630","loc"
"oclc:1036721166","oape:534","geon:360630","loc"
"oclc:1036721166","oclc:1034555409","geon:360630","loc"
"oclc:1036721166","oclc:792755902","geon:360630","loc"
"oclc:1036721166","oape:61","geon:360630","loc"
"oclc:1036721166","oclc:508226561","geon:360630","loc"
"oclc:1036721166","oape:137","geon:360630","loc"
"oclc:1036721166","oape:78","geon:360630","loc"
"oclc:1036721166","oape:80","geon:360630","loc"
"oclc:1036721166","oape:528","geon:360630","loc"
"oclc:1036721166","oape:150","geon:360630","loc"
"oclc:1036721166","oape:167","geon:360630","loc"
"oclc:1036721166","oape:182","geon:360630","loc"
"oclc:1036721166","oape:202","geon:360630","loc"
"oclc:1036721166","oape:224","geon:360630","loc"
"oclc:1036721166","oclc:243472096","geon:360630","loc"
"oclc:1036721166","oape:281","geon:360630","loc"
"oclc:1036721166","oape:548","geon:360630","loc"
"oclc:1036721166","oape:499","geon:360630","loc"
"oape:528","oape:150","geon:360630","loc"
"oape:528","oape:167","geon:360630","loc"
"oape:528","oape:182","geon:360630","loc"
"oape:528","oape:202","geon:360630","loc"
"oape:528","oape:224","geon:360630","loc"
"oape:528","oclc:243472096","geon:360630","loc"
"oape:528","oape:281","geon:360630","loc"
"oape:528","oape:548","geon:360630","loc"
"oape:528","oape:499","geon:360630","loc"
"oclc:508226561","oape:530","geon:361058","loc"
"oclc:508226561","oape:173","geon:361058","loc"
"oclc:508226561","oclc:1034541808","geon:361058","loc"
"oclc:508226561","oape:249","geon:361058","loc"
"oclc:508226561","oape:386","geon:361058","loc"
"oclc:508226561","oape:137","geon:360630","loc"
"oclc:508226561","oape:78","geon:360630","loc"
"oclc:508226561","oape:80","geon:360630","loc"
"oclc:508226561","oape:528","geon:360630","loc"
"oclc:508226561","oape:150","geon:360630","loc"
"oclc:508226561","oape:167","geon:360630","loc"
"oclc:508226561","oape:182","geon:360630","loc"
"oclc:508226561","oape:202","geon:360630","loc"
"oclc:508226561","oape:224","geon:360630","loc"
"oclc:508226561","oclc:243472096","geon:360630","loc"
"oclc:508226561","oape:281","geon:360630","loc"
"oclc:508226561","oape:548","geon:360630","loc"
"oclc:508226561","oape:499","geon:360630","loc"
"oape:91","oape:97","geon:170017","loc"
"oape:95","oclc:1086411815","geon:276781","loc"
"oape:95","oclc:472081984","geon:276781","loc"
"oape:95","oape:466","geon:276781","loc"
"oape:95","oape:133","geon:276781","loc"
"oape:95","oape:140","geon:276781","loc"
"oape:95","oape:143","geon:276781","loc"
"oape:95","oape:169","geon:276781","loc"
"oape:95","oape:505","geon:276781","loc"
"oape:95","oclc:1034549493","geon:276781","loc"
"oape:95","oape:481","geon:276781","loc"
"oape:95","oclc:792755884","geon:276781","loc"
"oape:95","oape:515","geon:276781","loc"
"oape:95","oape:272","geon:276781","loc"
"oape:95","oape:274","geon:276781","loc"
"oape:95","oape:287","geon:276781","loc"
"oape:95","oape:348","geon:276781","loc"
"oape:95","oape:349","geon:276781","loc"
"oclc:1086411815","oclc:472081984","geon:276781","loc"
"oclc:1086411815","oape:466","geon:276781","loc"
"oclc:1086411815","oape:133","geon:276781","loc"
"oclc:1086411815","oape:140","geon:276781","loc"
"oclc:1086411815","oape:143","geon:276781","loc"
"oclc:1086411815","oape:169","geon:276781","loc"
"oclc:1086411815","oape:505","geon:276781","loc"
"oclc:1086411815","oclc:1034549493","geon:276781","loc"
"oclc:1086411815","oape:481","geon:276781","loc"
"oclc:1086411815","oclc:792755884","geon:276781","loc"
"oclc:1086411815","oape:515","geon:276781","loc"
"oclc:1086411815","oape:272","geon:276781","loc"
"oclc:1086411815","oape:274","geon:276781","loc"
"oclc:1086411815","oape:287","geon:276781","loc"
"oclc:1086411815","oape:348","geon:276781","loc"
"oclc:1086411815","oape:349","geon:276781","loc"
"oclc:42900564","oclc:987291181","geon:276781","loc"
"oclc:42900564","oclc:792756327","geon:276781","loc"
"oclc:42900564","oclc:1034550756","geon:276781","loc"
"oclc:42900564","oape:40","geon:276781","loc"
"oclc:42900564","oape:47","geon:276781","loc"
"oclc:42900564","oclc:1034548778","geon:276781","loc"
"oclc:42900564","oape:48","geon:276781","loc"
"oclc:42900564","oclc:792755216","geon:276781","loc"
"oclc:42900564","oape:514","geon:276781","loc"
"oclc:42900564","oape:516","geon:276781","loc"
"oclc:42900564","oape:517","geon:276781","loc"
"oclc:42900564","oape:522","geon:276781","loc"
"oclc:42900564","oape:538","geon:276781","loc"
"oclc:42900564","oape:79","geon:276781","loc"
"oclc:42900564","oape:95","geon:276781","loc"
"oclc:42900564","oclc:1086411815","geon:276781","loc"
"oclc:42900564","oclc:472081984","geon:276781","loc"
"oclc:42900564","oape:466","geon:276781","loc"
"oclc:42900564","oape:133","geon:276781","loc"
"oclc:42900564","oape:140","geon:276781","loc"
"oclc:42900564","oape:143","geon:276781","loc"
"oclc:42900564","oape:169","geon:276781","loc"
"oclc:42900564","oape:505","geon:276781","loc"
"oclc:42900564","oclc:1034549493","geon:276781","loc"
"oclc:42900564","oape:481","geon:276781","loc"
"oclc:42900564","oclc:792755884","geon:276781","loc"
"oclc:42900564","oape:515","geon:276781","loc"
"oclc:42900564","oape:272","geon:276781","loc"
"oclc:42900564","oape:274","geon:276781","loc"
"oclc:42900564","oape:287","geon:276781","loc"
"oclc:42900564","oape:348","geon:276781","loc"
"oclc:42900564","oape:349","geon:276781","loc"
"oape:520","oape:521","geon:266045","loc"
"oape:514","oape:516","geon:276781","loc"
"oape:514","oape:517","geon:276781","loc"
"oape:514","oape:522","geon:276781","loc"
"oape:514","oape:538","geon:276781","loc"
"oape:514","oape:79","geon:276781","loc"
"oape:514","oape:95","geon:276781","loc"
"oape:514","oclc:1086411815","geon:276781","loc"
"oape:514","oclc:472081984","geon:276781","loc"
"oape:514","oape:466","geon:276781","loc"
"oape:514","oape:133","geon:276781","loc"
"oape:514","oape:140","geon:276781","loc"
"oape:514","oape:143","geon:276781","loc"
"oape:514","oape:169","geon:276781","loc"
"oape:514","oape:505","geon:276781","loc"
"oape:514","oclc:1034549493","geon:276781","loc"
"oape:514","oape:481","geon:276781","loc"
"oape:514","oclc:792755884","geon:276781","loc"
"oape:514","oape:515","geon:276781","loc"
"oape:514","oape:272","geon:276781","loc"
"oape:514","oape:274","geon:276781","loc"
"oape:514","oape:287","geon:276781","loc"
"oape:514","oape:348","geon:276781","loc"
"oape:514","oape:349","geon:276781","loc"
"oclc:472081984","oape:466","geon:276781","loc"
"oclc:472081984","oape:133","geon:276781","loc"
"oclc:472081984","oape:140","geon:276781","loc"
"oclc:472081984","oape:143","geon:276781","loc"
"oclc:472081984","oape:169","geon:276781","loc"
"oclc:472081984","oape:505","geon:276781","loc"
"oclc:472081984","oclc:1034549493","geon:276781","loc"
"oclc:472081984","oape:481","geon:276781","loc"
"oclc:472081984","oclc:792755884","geon:276781","loc"
"oclc:472081984","oape:515","geon:276781","loc"
"oclc:472081984","oape:272","geon:276781","loc"
"oclc:472081984","oape:274","geon:276781","loc"
"oclc:472081984","oape:287","geon:276781","loc"
"oclc:472081984","oape:348","geon:276781","loc"
"oclc:472081984","oape:349","geon:276781","loc"
"oape:122","oape:529","geon:98182","loc"
"oape:122","oape:498","geon:98182","loc"
"oape:122","oape:500","geon:98182","loc"
"oclc:792754974","oape:534","geon:360630","loc"
"oclc:792754974","oclc:1034555409","geon:360630","loc"
"oclc:792754974","oclc:792755902","geon:360630","loc"
"oclc:792754974","oape:61","geon:360630","loc"
"oclc:792754974","oclc:508226561","geon:360630","loc"
"oclc:792754974","oape:137","geon:360630","loc"
"oclc:792754974","oape:78","geon:360630","loc"
"oclc:792754974","oape:80","geon:360630","loc"
"oclc:792754974","oape:528","geon:360630","loc"
"oclc:792754974","oape:150","geon:360630","loc"
"oclc:792754974","oape:167","geon:360630","loc"
"oclc:792754974","oape:182","geon:360630","loc"
"oclc:792754974","oape:202","geon:360630","loc"
"oclc:792754974","oape:224","geon:360630","loc"
"oclc:792754974","oclc:243472096","geon:360630","loc"
"oclc:792754974","oape:281","geon:360630","loc"
"oclc:792754974","oape:548","geon:360630","loc"
"oclc:792754974","oape:499","geon:360630","loc"
"oape:534","oclc:1034555409","geon:360630","loc"
"oape:534","oclc:792755902","geon:360630","loc"
"oape:534","oape:61","geon:360630","loc"
"oape:534","oclc:508226561","geon:360630","loc"
"oape:534","oape:137","geon:360630","loc"
"oape:534","oape:78","geon:360630","loc"
"oape:534","oape:80","geon:360630","loc"
"oape:534","oape:528","geon:360630","loc"
"oape:534","oape:150","geon:360630","loc"
"oape:534","oape:167","geon:360630","loc"
"oape:534","oape:182","geon:360630","loc"
"oape:534","oape:202","geon:360630","loc"
"oape:534","oape:224","geon:360630","loc"
"oape:534","oclc:243472096","geon:360630","loc"
"oape:534","oape:281","geon:360630","loc"
"oape:534","oape:548","geon:360630","loc"
"oape:534","oape:499","geon:360630","loc"
"oclc:992611467","oclc:297351216","geon:2643743","loc"
"oape:466","oape:133","geon:276781","loc"
"oape:466","oape:140","geon:276781","loc"
"oape:466","oape:143","geon:276781","loc"
"oape:466","oape:169","geon:276781","loc"
"oape:466","oape:505","geon:276781","loc"
"oape:466","oclc:1034549493","geon:276781","loc"
"oape:466","oape:481","geon:276781","loc"
"oape:466","oclc:792755884","geon:276781","loc"
"oape:466","oape:515","geon:276781","loc"
"oape:466","oape:272","geon:276781","loc"
"oape:466","oape:274","geon:276781","loc"
"oape:466","oape:287","geon:276781","loc"
"oape:466","oape:348","geon:276781","loc"
"oape:466","oape:349","geon:276781","loc"
"oclc:1034547407","oclc:508226561","geon:361058","loc"
"oclc:1034547407","oape:530","geon:361058","loc"
"oclc:1034547407","oape:173","geon:361058","loc"
"oclc:1034547407","oclc:1034541808","geon:361058","loc"
"oclc:1034547407","oape:249","geon:361058","loc"
"oclc:1034547407","oape:386","geon:361058","loc"
"oape:133","oape:140","geon:276781","loc"
"oape:133","oape:143","geon:276781","loc"
"oape:133","oape:169","geon:276781","loc"
"oape:133","oape:505","geon:276781","loc"
"oape:133","oclc:1034549493","geon:276781","loc"
"oape:133","oape:481","geon:276781","loc"
"oape:133","oclc:792755884","geon:276781","loc"
"oape:133","oape:515","geon:276781","loc"
"oape:133","oape:272","geon:276781","loc"
"oape:133","oape:274","geon:276781","loc"
"oape:133","oape:287","geon:276781","loc"
"oape:133","oape:348","geon:276781","loc"
"oape:133","oape:349","geon:276781","loc"
"oclc:987291181","oclc:792756327","geon:276781","loc"
"oclc:987291181","oclc:1034550756","geon:276781","loc"
"oclc:987291181","oape:40","geon:276781","loc"
"oclc:987291181","oape:47","geon:276781","loc"
"oclc:987291181","oclc:1034548778","geon:276781","loc"
"oclc:987291181","oape:48","geon:276781","loc"
"oclc:987291181","oclc:792755216","geon:276781","loc"
"oclc:987291181","oape:514","geon:276781","loc"
"oclc:987291181","oape:516","geon:276781","loc"
"oclc:987291181","oape:517","geon:276781","loc"
"oclc:987291181","oape:522","geon:276781","loc"
"oclc:987291181","oape:538","geon:276781","loc"
"oclc:987291181","oape:79","geon:276781","loc"
"oclc:987291181","oape:95","geon:276781","loc"
"oclc:987291181","oclc:1086411815","geon:276781","loc"
"oclc:987291181","oclc:472081984","geon:276781","loc"
"oclc:987291181","oape:466","geon:276781","loc"
"oclc:987291181","oape:133","geon:276781","loc"
"oclc:987291181","oape:140","geon:276781","loc"
"oclc:987291181","oape:143","geon:276781","loc"
"oclc:987291181","oape:169","geon:276781","loc"
"oclc:987291181","oape:505","geon:276781","loc"
"oclc:987291181","oclc:1034549493","geon:276781","loc"
"oclc:987291181","oape:481","geon:276781","loc"
"oclc:987291181","oclc:792755884","geon:276781","loc"
"oclc:987291181","oape:515","geon:276781","loc"
"oclc:987291181","oape:272","geon:276781","loc"
"oclc:987291181","oape:274","geon:276781","loc"
"oclc:987291181","oape:287","geon:276781","loc"
"oclc:987291181","oape:348","geon:276781","loc"
"oclc:987291181","oape:349","geon:276781","loc"
"oclc:695008193","oape:174","geon:745044","loc"
"oape:137","oape:78","geon:360630","loc"
"oape:137","oape:80","geon:360630","loc"
"oape:137","oape:528","geon:360630","loc"
"oape:137","oape:150","geon:360630","loc"
"oape:137","oape:167","geon:360630","loc"
"oape:137","oape:182","geon:360630","loc"
"oape:137","oape:202","geon:360630","loc"
"oape:137","oape:224","geon:360630","loc"
"oape:137","oclc:243472096","geon:360630","loc"
"oape:137","oape:281","geon:360630","loc"
"oape:137","oape:548","geon:360630","loc"
"oape:137","oape:499","geon:360630","loc"
"oape:140","oape:143","geon:276781","loc"
"oape:140","oape:169","geon:276781","loc"
"oape:140","oape:505","geon:276781","loc"
"oape:140","oclc:1034549493","geon:276781","loc"
"oape:140","oape:481","geon:276781","loc"
"oape:140","oclc:792755884","geon:276781","loc"
"oape:140","oape:515","geon:276781","loc"
"oape:140","oape:272","geon:276781","loc"
"oape:140","oape:274","geon:276781","loc"
"oape:140","oape:287","geon:276781","loc"
"oape:140","oape:348","geon:276781","loc"
"oape:140","oape:349","geon:276781","loc"
"oape:143","oape:169","geon:276781","loc"
"oape:143","oape:505","geon:276781","loc"
"oape:143","oclc:1034549493","geon:276781","loc"
"oape:143","oape:481","geon:276781","loc"
"oape:143","oclc:792755884","geon:276781","loc"
"oape:143","oape:515","geon:276781","loc"
"oape:143","oape:272","geon:276781","loc"
"oape:143","oape:274","geon:276781","loc"
"oape:143","oape:287","geon:276781","loc"
"oape:143","oape:348","geon:276781","loc"
"oape:143","oape:349","geon:276781","loc"
"oclc:644997575","oape:45","geon:170654","loc"
"oclc:644997575","oape:179","geon:170654","loc"
"oclc:644997575","oape:544","geon:170654","loc"
"oclc:644997575","oape:183","geon:170654","loc"
"oclc:644997575","oape:511","geon:170654","loc"
"oclc:644997575","oape:214","geon:170654","loc"
"oclc:644997575","oclc:792755094","geon:170654","loc"
"oape:38","oape:513","geon:273607","loc"
"oclc:1034550756","oape:40","geon:276781","loc"
"oclc:1034550756","oape:47","geon:276781","loc"
"oclc:1034550756","oclc:1034548778","geon:276781","loc"
"oclc:1034550756","oape:48","geon:276781","loc"
"oclc:1034550756","oclc:792755216","geon:276781","loc"
"oclc:1034550756","oape:514","geon:276781","loc"
"oclc:1034550756","oape:516","geon:276781","loc"
"oclc:1034550756","oape:517","geon:276781","loc"
"oclc:1034550756","oape:522","geon:276781","loc"
"oclc:1034550756","oape:538","geon:276781","loc"
"oclc:1034550756","oape:79","geon:276781","loc"
"oclc:1034550756","oape:95","geon:276781","loc"
"oclc:1034550756","oclc:1086411815","geon:276781","loc"
"oclc:1034550756","oclc:472081984","geon:276781","loc"
"oclc:1034550756","oape:466","geon:276781","loc"
"oclc:1034550756","oape:133","geon:276781","loc"
"oclc:1034550756","oape:140","geon:276781","loc"
"oclc:1034550756","oape:143","geon:276781","loc"
"oclc:1034550756","oape:169","geon:276781","loc"
"oclc:1034550756","oape:505","geon:276781","loc"
"oclc:1034550756","oclc:1034549493","geon:276781","loc"
"oclc:1034550756","oape:481","geon:276781","loc"
"oclc:1034550756","oclc:792755884","geon:276781","loc"
"oclc:1034550756","oape:515","geon:276781","loc"
"oclc:1034550756","oape:272","geon:276781","loc"
"oclc:1034550756","oape:274","geon:276781","loc"
"oclc:1034550756","oape:287","geon:276781","loc"
"oclc:1034550756","oape:348","geon:276781","loc"
"oclc:1034550756","oape:349","geon:276781","loc"
"oape:531","oape:41","geon:98182","loc"
"oape:531","oape:42","geon:98182","loc"
"oape:531","oape:46","geon:98182","loc"
"oape:531","oape:537","geon:98182","loc"
"oape:531","oape:540","geon:98182","loc"
"oape:531","oape:122","geon:98182","loc"
"oape:531","oape:529","geon:98182","loc"
"oape:531","oape:498","geon:98182","loc"
"oape:531","oape:500","geon:98182","loc"
"oape:150","oape:167","geon:360630","loc"
"oape:150","oape:182","geon:360630","loc"
"oape:150","oape:202","geon:360630","loc"
"oape:150","oape:224","geon:360630","loc"
"oape:150","oclc:243472096","geon:360630","loc"
"oape:150","oape:281","geon:360630","loc"
"oape:150","oape:548","geon:360630","loc"
"oape:150","oape:499","geon:360630","loc"
"oape:40","oape:47","geon:276781","loc"
"oape:40","oclc:1034548778","geon:276781","loc"
"oape:40","oape:48","geon:276781","loc"
"oape:40","oclc:792755216","geon:276781","loc"
"oape:40","oape:514","geon:276781","loc"
"oape:40","oape:516","geon:276781","loc"
"oape:40","oape:517","geon:276781","loc"
"oape:40","oape:522","geon:276781","loc"
"oape:40","oape:538","geon:276781","loc"
"oape:40","oape:79","geon:276781","loc"
"oape:40","oape:95","geon:276781","loc"
"oape:40","oclc:1086411815","geon:276781","loc"
"oape:40","oclc:472081984","geon:276781","loc"
"oape:40","oape:466","geon:276781","loc"
"oape:40","oape:133","geon:276781","loc"
"oape:40","oape:140","geon:276781","loc"
"oape:40","oape:143","geon:276781","loc"
"oape:40","oape:169","geon:276781","loc"
"oape:40","oape:505","geon:276781","loc"
"oape:40","oclc:1034549493","geon:276781","loc"
"oape:40","oape:481","geon:276781","loc"
"oape:40","oclc:792755884","geon:276781","loc"
"oape:40","oape:515","geon:276781","loc"
"oape:40","oape:272","geon:276781","loc"
"oape:40","oape:274","geon:276781","loc"
"oape:40","oape:287","geon:276781","loc"
"oape:40","oape:348","geon:276781","loc"
"oape:40","oape:349","geon:276781","loc"
"oape:522","oape:538","geon:276781","loc"
"oape:522","oape:79","geon:276781","loc"
"oape:522","oape:95","geon:276781","loc"
"oape:522","oclc:1086411815","geon:276781","loc"
"oape:522","oclc:472081984","geon:276781","loc"
"oape:522","oape:466","geon:276781","loc"
"oape:522","oape:133","geon:276781","loc"
"oape:522","oape:140","geon:276781","loc"
"oape:522","oape:143","geon:276781","loc"
"oape:522","oape:169","geon:276781","loc"
"oape:522","oape:505","geon:276781","loc"
"oape:522","oclc:1034549493","geon:276781","loc"
"oape:522","oape:481","geon:276781","loc"
"oape:522","oclc:792755884","geon:276781","loc"
"oape:522","oape:515","geon:276781","loc"
"oape:522","oape:272","geon:276781","loc"
"oape:522","oape:274","geon:276781","loc"
"oape:522","oape:287","geon:276781","loc"
"oape:522","oape:348","geon:276781","loc"
"oape:522","oape:349","geon:276781","loc"
"oape:529","oape:498","geon:98182","loc"
"oape:529","oape:500","geon:98182","loc"
"oape:530","oape:173","geon:361058","loc"
"oape:530","oclc:1034541808","geon:361058","loc"
"oape:530","oape:249","geon:361058","loc"
"oape:530","oape:386","geon:361058","loc"
"oape:41","oape:42","geon:98182","loc"
"oape:41","oape:46","geon:98182","loc"
"oape:41","oape:537","geon:98182","loc"
"oape:41","oape:540","geon:98182","loc"
"oape:41","oape:122","geon:98182","loc"
"oape:41","oape:529","geon:98182","loc"
"oape:41","oape:498","geon:98182","loc"
"oape:41","oape:500","geon:98182","loc"
"oape:167","oape:182","geon:360630","loc"
"oape:167","oape:202","geon:360630","loc"
"oape:167","oape:224","geon:360630","loc"
"oape:167","oclc:243472096","geon:360630","loc"
"oape:167","oape:281","geon:360630","loc"
"oape:167","oape:548","geon:360630","loc"
"oape:167","oape:499","geon:360630","loc"
"oape:169","oape:505","geon:276781","loc"
"oape:169","oclc:1034549493","geon:276781","loc"
"oape:169","oape:481","geon:276781","loc"
"oape:169","oclc:792755884","geon:276781","loc"
"oape:169","oape:515","geon:276781","loc"
"oape:169","oape:272","geon:276781","loc"
"oape:169","oape:274","geon:276781","loc"
"oape:169","oape:287","geon:276781","loc"
"oape:169","oape:348","geon:276781","loc"
"oape:169","oape:349","geon:276781","loc"
"oclc:1034545644","oclc:1036721166","geon:360630","loc"
"oclc:1034545644","oclc:931941685","geon:360630","loc"
"oclc:1034545644","oclc:4770057679","geon:360630","loc"
"oclc:1034545644","oclc:1639361","geon:360630","loc"
"oclc:1034545644","oclc:792754974","geon:360630","loc"
"oclc:1034545644","oape:534","geon:360630","loc"
"oclc:1034545644","oclc:1034555409","geon:360630","loc"
"oclc:1034545644","oclc:792755902","geon:360630","loc"
"oclc:1034545644","oape:61","geon:360630","loc"
"oclc:1034545644","oclc:508226561","geon:360630","loc"
"oclc:1034545644","oape:137","geon:360630","loc"
"oclc:1034545644","oape:78","geon:360630","loc"
"oclc:1034545644","oape:80","geon:360630","loc"
"oclc:1034545644","oape:528","geon:360630","loc"
"oclc:1034545644","oape:150","geon:360630","loc"
"oclc:1034545644","oape:167","geon:360630","loc"
"oclc:1034545644","oape:182","geon:360630","loc"
"oclc:1034545644","oape:202","geon:360630","loc"
"oclc:1034545644","oape:224","geon:360630","loc"
"oclc:1034545644","oclc:243472096","geon:360630","loc"
"oclc:1034545644","oape:281","geon:360630","loc"
"oclc:1034545644","oape:548","geon:360630","loc"
"oclc:1034545644","oape:499","geon:360630","loc"
"oape:42","oape:46","geon:98182","loc"
"oape:42","oape:537","geon:98182","loc"
"oape:42","oape:540","geon:98182","loc"
"oape:42","oape:122","geon:98182","loc"
"oape:42","oape:529","geon:98182","loc"
"oape:42","oape:498","geon:98182","loc"
"oape:42","oape:500","geon:98182","loc"
"oape:173","oclc:1034541808","geon:361058","loc"
"oape:173","oape:249","geon:361058","loc"
"oape:173","oape:386","geon:361058","loc"
"oape:179","oape:544","geon:170654","loc"
"oape:179","oape:183","geon:170654","loc"
"oape:179","oape:511","geon:170654","loc"
"oape:179","oape:214","geon:170654","loc"
"oape:179","oclc:792755094","geon:170654","loc"
"oape:182","oape:202","geon:360630","loc"
"oape:182","oape:224","geon:360630","loc"
"oape:182","oclc:243472096","geon:360630","loc"
"oape:182","oape:281","geon:360630","loc"
"oape:182","oape:548","geon:360630","loc"
"oape:182","oape:499","geon:360630","loc"
"oape:544","oape:183","geon:170654","loc"
"oape:544","oape:511","geon:170654","loc"
"oape:544","oape:214","geon:170654","loc"
"oape:544","oclc:792755094","geon:170654","loc"
"oape:183","oape:511","geon:170654","loc"
"oape:183","oape:214","geon:170654","loc"
"oape:183","oclc:792755094","geon:170654","loc"
"oclc:1034555409","oclc:792755902","geon:360630","loc"
"oclc:1034555409","oape:61","geon:360630","loc"
"oclc:1034555409","oclc:508226561","geon:360630","loc"
"oclc:1034555409","oape:137","geon:360630","loc"
"oclc:1034555409","oape:78","geon:360630","loc"
"oclc:1034555409","oape:80","geon:360630","loc"
"oclc:1034555409","oape:528","geon:360630","loc"
"oclc:1034555409","oape:150","geon:360630","loc"
"oclc:1034555409","oape:167","geon:360630","loc"
"oclc:1034555409","oape:182","geon:360630","loc"
"oclc:1034555409","oape:202","geon:360630","loc"
"oclc:1034555409","oape:224","geon:360630","loc"
"oclc:1034555409","oclc:243472096","geon:360630","loc"
"oclc:1034555409","oape:281","geon:360630","loc"
"oclc:1034555409","oape:548","geon:360630","loc"
"oclc:1034555409","oape:499","geon:360630","loc"
"oclc:263593774","oclc:472961924","geon:2988507","loc"
"oclc:263593774","oclc:1681243","geon:2988507","loc"
"oclc:263593774","oclc:472961896","geon:2988507","loc"
"oclc:263593774","oclc:183354137","geon:2988507","loc"
"oclc:263593774","oape:154","geon:2988507","loc"
"oclc:263593774","oape:197","geon:2988507","loc"
"oape:511","oape:214","geon:170654","loc"
"oape:511","oclc:792755094","geon:170654","loc"
"oape:45","oape:179","geon:170654","loc"
"oape:45","oape:544","geon:170654","loc"
"oape:45","oape:183","geon:170654","loc"
"oape:45","oape:511","geon:170654","loc"
"oape:45","oape:214","geon:170654","loc"
"oape:45","oclc:792755094","geon:170654","loc"
"oape:46","oape:537","geon:98182","loc"
"oape:46","oape:540","geon:98182","loc"
"oape:46","oape:122","geon:98182","loc"
"oape:46","oape:529","geon:98182","loc"
"oape:46","oape:498","geon:98182","loc"
"oape:46","oape:500","geon:98182","loc"
"oape:202","oape:224","geon:360630","loc"
"oape:202","oclc:243472096","geon:360630","loc"
"oape:202","oape:281","geon:360630","loc"
"oape:202","oape:548","geon:360630","loc"
"oape:202","oape:499","geon:360630","loc"
"oape:214","oclc:792755094","geon:170654","loc"
"oape:47","oclc:1034548778","geon:276781","loc"
"oape:47","oape:48","geon:276781","loc"
"oape:47","oclc:792755216","geon:276781","loc"
"oape:47","oape:514","geon:276781","loc"
"oape:47","oape:516","geon:276781","loc"
"oape:47","oape:517","geon:276781","loc"
"oape:47","oape:522","geon:276781","loc"
"oape:47","oape:538","geon:276781","loc"
"oape:47","oape:79","geon:276781","loc"
"oape:47","oape:95","geon:276781","loc"
"oape:47","oclc:1086411815","geon:276781","loc"
"oape:47","oclc:472081984","geon:276781","loc"
"oape:47","oape:466","geon:276781","loc"
"oape:47","oape:133","geon:276781","loc"
"oape:47","oape:140","geon:276781","loc"
"oape:47","oape:143","geon:276781","loc"
"oape:47","oape:169","geon:276781","loc"
"oape:47","oape:505","geon:276781","loc"
"oape:47","oclc:1034549493","geon:276781","loc"
"oape:47","oape:481","geon:276781","loc"
"oape:47","oclc:792755884","geon:276781","loc"
"oape:47","oape:515","geon:276781","loc"
"oape:47","oape:272","geon:276781","loc"
"oape:47","oape:274","geon:276781","loc"
"oape:47","oape:287","geon:276781","loc"
"oape:47","oape:348","geon:276781","loc"
"oape:47","oape:349","geon:276781","loc"
"oape:505","oclc:1034549493","geon:276781","loc"
"oape:505","oape:481","geon:276781","loc"
"oape:505","oclc:792755884","geon:276781","loc"
"oape:505","oape:515","geon:276781","loc"
"oape:505","oape:272","geon:276781","loc"
"oape:505","oape:274","geon:276781","loc"
"oape:505","oape:287","geon:276781","loc"
"oape:505","oape:348","geon:276781","loc"
"oape:505","oape:349","geon:276781","loc"
"oape:224","oclc:243472096","geon:360630","loc"
"oape:224","oape:281","geon:360630","loc"
"oape:224","oape:548","geon:360630","loc"
"oape:224","oape:499","geon:360630","loc"
"oclc:792755902","oape:61","geon:360630","loc"
"oclc:792755902","oclc:508226561","geon:360630","loc"
"oclc:792755902","oape:137","geon:360630","loc"
"oclc:792755902","oape:78","geon:360630","loc"
"oclc:792755902","oape:80","geon:360630","loc"
"oclc:792755902","oape:528","geon:360630","loc"
"oclc:792755902","oape:150","geon:360630","loc"
"oclc:792755902","oape:167","geon:360630","loc"
"oclc:792755902","oape:182","geon:360630","loc"
"oclc:792755902","oape:202","geon:360630","loc"
"oclc:792755902","oape:224","geon:360630","loc"
"oclc:792755902","oclc:243472096","geon:360630","loc"
"oclc:792755902","oape:281","geon:360630","loc"
"oclc:792755902","oape:548","geon:360630","loc"
"oclc:792755902","oape:499","geon:360630","loc"
"oclc:472961924","oclc:1681243","geon:2988507","loc"
"oclc:472961924","oclc:472961896","geon:2988507","loc"
"oclc:472961924","oclc:183354137","geon:2988507","loc"
"oclc:472961924","oape:154","geon:2988507","loc"
"oclc:472961924","oape:197","geon:2988507","loc"
"oclc:1034541808","oape:249","geon:361058","loc"
"oclc:1034541808","oape:386","geon:361058","loc"
"oclc:1034549493","oape:481","geon:276781","loc"
"oclc:1034549493","oclc:792755884","geon:276781","loc"
"oclc:1034549493","oape:515","geon:276781","loc"
"oclc:1034549493","oape:272","geon:276781","loc"
"oclc:1034549493","oape:274","geon:276781","loc"
"oclc:1034549493","oape:287","geon:276781","loc"
"oclc:1034549493","oape:348","geon:276781","loc"
"oclc:1034549493","oape:349","geon:276781","loc"
"oape:538","oape:79","geon:276781","loc"
"oape:538","oape:95","geon:276781","loc"
"oape:538","oclc:1086411815","geon:276781","loc"
"oape:538","oclc:472081984","geon:276781","loc"
"oape:538","oape:466","geon:276781","loc"
"oape:538","oape:133","geon:276781","loc"
"oape:538","oape:140","geon:276781","loc"
"oape:538","oape:143","geon:276781","loc"
"oape:538","oape:169","geon:276781","loc"
"oape:538","oape:505","geon:276781","loc"
"oape:538","oclc:1034549493","geon:276781","loc"
"oape:538","oape:481","geon:276781","loc"
"oape:538","oclc:792755884","geon:276781","loc"
"oape:538","oape:515","geon:276781","loc"
"oape:538","oape:272","geon:276781","loc"
"oape:538","oape:274","geon:276781","loc"
"oape:538","oape:287","geon:276781","loc"
"oape:538","oape:348","geon:276781","loc"
"oape:538","oape:349","geon:276781","loc"
"oclc:473817521","oclc:42900564","geon:276781","loc"
"oclc:473817521","oclc:987291181","geon:276781","loc"
"oclc:473817521","oclc:792756327","geon:276781","loc"
"oclc:473817521","oclc:1034550756","geon:276781","loc"
"oclc:473817521","oape:40","geon:276781","loc"
"oclc:473817521","oape:47","geon:276781","loc"
"oclc:473817521","oclc:1034548778","geon:276781","loc"
"oclc:473817521","oape:48","geon:276781","loc"
"oclc:473817521","oclc:792755216","geon:276781","loc"
"oclc:473817521","oape:514","geon:276781","loc"
"oclc:473817521","oape:516","geon:276781","loc"
"oclc:473817521","oape:517","geon:276781","loc"
"oclc:473817521","oape:522","geon:276781","loc"
"oclc:473817521","oape:538","geon:276781","loc"
"oclc:473817521","oape:79","geon:276781","loc"
"oclc:473817521","oape:95","geon:276781","loc"
"oclc:473817521","oclc:1086411815","geon:276781","loc"
"oclc:473817521","oclc:472081984","geon:276781","loc"
"oclc:473817521","oape:466","geon:276781","loc"
"oclc:473817521","oape:133","geon:276781","loc"
"oclc:473817521","oape:140","geon:276781","loc"
"oclc:473817521","oape:143","geon:276781","loc"
"oclc:473817521","oape:169","geon:276781","loc"
"oclc:473817521","oape:505","geon:276781","loc"
"oclc:473817521","oclc:1034549493","geon:276781","loc"
"oclc:473817521","oape:481","geon:276781","loc"
"oclc:473817521","oclc:792755884","geon:276781","loc"
"oclc:473817521","oape:515","geon:276781","loc"
"oclc:473817521","oape:272","geon:276781","loc"
"oclc:473817521","oape:274","geon:276781","loc"
"oclc:473817521","oape:287","geon:276781","loc"
"oclc:473817521","oape:348","geon:276781","loc"
"oclc:473817521","oape:349","geon:276781","loc"
"oape:249","oape:386","geon:361058","loc"
"oape:540","oape:122","geon:98182","loc"
"oape:540","oape:529","geon:98182","loc"
"oape:540","oape:498","geon:98182","loc"
"oape:540","oape:500","geon:98182","loc"
"oclc:1034548778","oape:48","geon:276781","loc"
"oclc:1034548778","oclc:792755216","geon:276781","loc"
"oclc:1034548778","oape:514","geon:276781","loc"
"oclc:1034548778","oape:516","geon:276781","loc"
"oclc:1034548778","oape:517","geon:276781","loc"
"oclc:1034548778","oape:522","geon:276781","loc"
"oclc:1034548778","oape:538","geon:276781","loc"
"oclc:1034548778","oape:79","geon:276781","loc"
"oclc:1034548778","oape:95","geon:276781","loc"
"oclc:1034548778","oclc:1086411815","geon:276781","loc"
"oclc:1034548778","oclc:472081984","geon:276781","loc"
"oclc:1034548778","oape:466","geon:276781","loc"
"oclc:1034548778","oape:133","geon:276781","loc"
"oclc:1034548778","oape:140","geon:276781","loc"
"oclc:1034548778","oape:143","geon:276781","loc"
"oclc:1034548778","oape:169","geon:276781","loc"
"oclc:1034548778","oape:505","geon:276781","loc"
"oclc:1034548778","oclc:1034549493","geon:276781","loc"
"oclc:1034548778","oape:481","geon:276781","loc"
"oclc:1034548778","oclc:792755884","geon:276781","loc"
"oclc:1034548778","oape:515","geon:276781","loc"
"oclc:1034548778","oape:272","geon:276781","loc"
"oclc:1034548778","oape:274","geon:276781","loc"
"oclc:1034548778","oape:287","geon:276781","loc"
"oclc:1034548778","oape:348","geon:276781","loc"
"oclc:1034548778","oape:349","geon:276781","loc"
"oclc:4770057679","oclc:1639361","geon:360630","loc"
"oclc:4770057679","oclc:792754974","geon:360630","loc"
"oclc:4770057679","oape:534","geon:360630","loc"
"oclc:4770057679","oclc:1034555409","geon:360630","loc"
"oclc:4770057679","oclc:792755902","geon:360630","loc"
"oclc:4770057679","oape:61","geon:360630","loc"
"oclc:4770057679","oclc:508226561","geon:360630","loc"
"oclc:4770057679","oape:137","geon:360630","loc"
"oclc:4770057679","oape:78","geon:360630","loc"
"oclc:4770057679","oape:80","geon:360630","loc"
"oclc:4770057679","oape:528","geon:360630","loc"
"oclc:4770057679","oape:150","geon:360630","loc"
"oclc:4770057679","oape:167","geon:360630","loc"
"oclc:4770057679","oape:182","geon:360630","loc"
"oclc:4770057679","oape:202","geon:360630","loc"
"oclc:4770057679","oape:224","geon:360630","loc"
"oclc:4770057679","oclc:243472096","geon:360630","loc"
"oclc:4770057679","oape:281","geon:360630","loc"
"oclc:4770057679","oape:548","geon:360630","loc"
"oclc:4770057679","oape:499","geon:360630","loc"
"oclc:4770057679","oclc:792756309","geon:170654","loc"
"oclc:4770057679","oclc:70845599","geon:170654","loc"
"oclc:4770057679","oclc:70845599","geon:170654","loc"
"oclc:4770057679","oclc:70845599","geon:170654","loc"
"oclc:4770057679","oclc:70845599","geon:170654","loc"
"oclc:4770057679","oclc:644997575","geon:170654","loc"
"oclc:4770057679","oape:45","geon:170654","loc"
"oclc:4770057679","oape:179","geon:170654","loc"
"oclc:4770057679","oape:544","geon:170654","loc"
"oclc:4770057679","oape:183","geon:170654","loc"
"oclc:4770057679","oape:511","geon:170654","loc"
"oclc:4770057679","oape:214","geon:170654","loc"
"oclc:4770057679","oclc:792755094","geon:170654","loc"
"oclc:931941685","oclc:473817521","geon:276781","loc"
"oclc:931941685","oclc:42900564","geon:276781","loc"
"oclc:931941685","oclc:987291181","geon:276781","loc"
"oclc:931941685","oclc:792756327","geon:276781","loc"
"oclc:931941685","oclc:1034550756","geon:276781","loc"
"oclc:931941685","oape:40","geon:276781","loc"
"oclc:931941685","oape:47","geon:276781","loc"
"oclc:931941685","oclc:1034548778","geon:276781","loc"
"oclc:931941685","oape:48","geon:276781","loc"
"oclc:931941685","oclc:792755216","geon:276781","loc"
"oclc:931941685","oape:514","geon:276781","loc"
"oclc:931941685","oape:516","geon:276781","loc"
"oclc:931941685","oape:517","geon:276781","loc"
"oclc:931941685","oape:522","geon:276781","loc"
"oclc:931941685","oape:538","geon:276781","loc"
"oclc:931941685","oape:79","geon:276781","loc"
"oclc:931941685","oape:95","geon:276781","loc"
"oclc:931941685","oclc:1086411815","geon:276781","loc"
"oclc:931941685","oclc:472081984","geon:276781","loc"
"oclc:931941685","oape:466","geon:276781","loc"
"oclc:931941685","oape:133","geon:276781","loc"
"oclc:931941685","oape:140","geon:276781","loc"
"oclc:931941685","oape:143","geon:276781","loc"
"oclc:931941685","oape:169","geon:276781","loc"
"oclc:931941685","oape:505","geon:276781","loc"
"oclc:931941685","oclc:1034549493","geon:276781","loc"
"oclc:931941685","oape:481","geon:276781","loc"
"oclc:931941685","oclc:792755884","geon:276781","loc"
"oclc:931941685","oape:515","geon:276781","loc"
"oclc:931941685","oape:272","geon:276781","loc"
"oclc:931941685","oape:274","geon:276781","loc"
"oclc:931941685","oape:287","geon:276781","loc"
"oclc:931941685","oape:348","geon:276781","loc"
"oclc:931941685","oape:349","geon:276781","loc"
"oclc:931941685","oclc:4770057679","geon:360630","loc"
"oclc:931941685","oclc:1639361","geon:360630","loc"
"oclc:931941685","oclc:792754974","geon:360630","loc"
"oclc:931941685","oape:534","geon:360630","loc"
"oclc:931941685","oclc:1034555409","geon:360630","loc"
"oclc:931941685","oclc:792755902","geon:360630","loc"
"oclc:931941685","oape:61","geon:360630","loc"
"oclc:931941685","oclc:508226561","geon:360630","loc"
"oclc:931941685","oape:137","geon:360630","loc"
"oclc:931941685","oape:78","geon:360630","loc"
"oclc:931941685","oape:80","geon:360630","loc"
"oclc:931941685","oape:528","geon:360630","loc"
"oclc:931941685","oape:150","geon:360630","loc"
"oclc:931941685","oape:167","geon:360630","loc"
"oclc:931941685","oape:182","geon:360630","loc"
"oclc:931941685","oape:202","geon:360630","loc"
"oclc:931941685","oape:224","geon:360630","loc"
"oclc:931941685","oclc:243472096","geon:360630","loc"
"oclc:931941685","oape:281","geon:360630","loc"
"oclc:931941685","oape:548","geon:360630","loc"
"oclc:931941685","oape:499","geon:360630","loc"
"oclc:243472096","oape:281","geon:360630","loc"
"oclc:243472096","oape:548","geon:360630","loc"
"oclc:243472096","oape:499","geon:360630","loc"
"oclc:1588981","oclc:1034545644","geon:360630","loc"
"oclc:1588981","oclc:1036721166","geon:360630","loc"
"oclc:1588981","oclc:931941685","geon:360630","loc"
"oclc:1588981","oclc:4770057679","geon:360630","loc"
"oclc:1588981","oclc:1639361","geon:360630","loc"
"oclc:1588981","oclc:792754974","geon:360630","loc"
"oclc:1588981","oape:534","geon:360630","loc"
"oclc:1588981","oclc:1034555409","geon:360630","loc"
"oclc:1588981","oclc:792755902","geon:360630","loc"
"oclc:1588981","oape:61","geon:360630","loc"
"oclc:1588981","oclc:508226561","geon:360630","loc"
"oclc:1588981","oape:137","geon:360630","loc"
"oclc:1588981","oape:78","geon:360630","loc"
"oclc:1588981","oape:80","geon:360630","loc"
"oclc:1588981","oape:528","geon:360630","loc"
"oclc:1588981","oape:150","geon:360630","loc"
"oclc:1588981","oape:167","geon:360630","loc"
"oclc:1588981","oape:182","geon:360630","loc"
"oclc:1588981","oape:202","geon:360630","loc"
"oclc:1588981","oape:224","geon:360630","loc"
"oclc:1588981","oclc:243472096","geon:360630","loc"
"oclc:1588981","oape:281","geon:360630","loc"
"oclc:1588981","oape:548","geon:360630","loc"
"oclc:1588981","oape:499","geon:360630","loc"
"oape:481","oclc:792755884","geon:276781","loc"
"oape:481","oape:515","geon:276781","loc"
"oape:481","oape:272","geon:276781","loc"
"oape:481","oape:274","geon:276781","loc"
"oape:481","oape:287","geon:276781","loc"
"oape:481","oape:348","geon:276781","loc"
"oape:481","oape:349","geon:276781","loc"
"oape:519","oape:520","geon:266045","loc"
"oape:519","oape:521","geon:266045","loc"
"oclc:792755884","oape:515","geon:276781","loc"
"oclc:792755884","oape:272","geon:276781","loc"
"oclc:792755884","oape:274","geon:276781","loc"
"oclc:792755884","oape:287","geon:276781","loc"
"oclc:792755884","oape:348","geon:276781","loc"
"oclc:792755884","oape:349","geon:276781","loc"
"oape:515","oape:272","geon:276781","loc"
"oape:515","oape:274","geon:276781","loc"
"oape:515","oape:287","geon:276781","loc"
"oape:515","oape:348","geon:276781","loc"
"oape:515","oape:349","geon:276781","loc"
"oape:272","oape:274","geon:276781","loc"
"oape:272","oape:287","geon:276781","loc"
"oape:272","oape:348","geon:276781","loc"
"oape:272","oape:349","geon:276781","loc"
"oape:274","oape:287","geon:276781","loc"
"oape:274","oape:348","geon:276781","loc"
"oape:274","oape:349","geon:276781","loc"
"oclc:226234432","oape:395","geon:5128581","loc"
"oclc:226234432","oape:501","geon:5128581","loc"
"oclc:1639361","oclc:792754974","geon:360630","loc"
"oclc:1639361","oape:534","geon:360630","loc"
"oclc:1639361","oclc:1034555409","geon:360630","loc"
"oclc:1639361","oclc:792755902","geon:360630","loc"
"oclc:1639361","oape:61","geon:360630","loc"
"oclc:1639361","oclc:508226561","geon:360630","loc"
"oclc:1639361","oape:137","geon:360630","loc"
"oclc:1639361","oape:78","geon:360630","loc"
"oclc:1639361","oape:80","geon:360630","loc"
"oclc:1639361","oape:528","geon:360630","loc"
"oclc:1639361","oape:150","geon:360630","loc"
"oclc:1639361","oape:167","geon:360630","loc"
"oclc:1639361","oape:182","geon:360630","loc"
"oclc:1639361","oape:202","geon:360630","loc"
"oclc:1639361","oape:224","geon:360630","loc"
"oclc:1639361","oclc:243472096","geon:360630","loc"
"oclc:1639361","oape:281","geon:360630","loc"
"oclc:1639361","oape:548","geon:360630","loc"
"oclc:1639361","oape:499","geon:360630","loc"
"oape:48","oclc:792755216","geon:276781","loc"
"oape:48","oape:514","geon:276781","loc"
"oape:48","oape:516","geon:276781","loc"
"oape:48","oape:517","geon:276781","loc"
"oape:48","oape:522","geon:276781","loc"
"oape:48","oape:538","geon:276781","loc"
"oape:48","oape:79","geon:276781","loc"
"oape:48","oape:95","geon:276781","loc"
"oape:48","oclc:1086411815","geon:276781","loc"
"oape:48","oclc:472081984","geon:276781","loc"
"oape:48","oape:466","geon:276781","loc"
"oape:48","oape:133","geon:276781","loc"
"oape:48","oape:140","geon:276781","loc"
"oape:48","oape:143","geon:276781","loc"
"oape:48","oape:169","geon:276781","loc"
"oape:48","oape:505","geon:276781","loc"
"oape:48","oclc:1034549493","geon:276781","loc"
"oape:48","oape:481","geon:276781","loc"
"oape:48","oclc:792755884","geon:276781","loc"
"oape:48","oape:515","geon:276781","loc"
"oape:48","oape:272","geon:276781","loc"
"oape:48","oape:274","geon:276781","loc"
"oape:48","oape:287","geon:276781","loc"
"oape:48","oape:348","geon:276781","loc"
"oape:48","oape:349","geon:276781","loc"
"oape:61","oclc:508226561","geon:360630","loc"
"oape:61","oape:137","geon:360630","loc"
"oape:61","oape:78","geon:360630","loc"
"oape:61","oape:80","geon:360630","loc"
"oape:61","oape:528","geon:360630","loc"
"oape:61","oape:150","geon:360630","loc"
"oape:61","oape:167","geon:360630","loc"
"oape:61","oape:182","geon:360630","loc"
"oape:61","oape:202","geon:360630","loc"
"oape:61","oape:224","geon:360630","loc"
"oape:61","oclc:243472096","geon:360630","loc"
"oape:61","oape:281","geon:360630","loc"
"oape:61","oape:548","geon:360630","loc"
"oape:61","oape:499","geon:360630","loc"
"oape:281","oape:548","geon:360630","loc"
"oape:281","oape:499","geon:360630","loc"
"oape:287","oape:348","geon:276781","loc"
"oape:287","oape:349","geon:276781","loc"
"oape:537","oape:540","geon:98182","loc"
"oape:537","oape:122","geon:98182","loc"
"oape:537","oape:529","geon:98182","loc"
"oape:537","oape:498","geon:98182","loc"
"oape:537","oape:500","geon:98182","loc"
"oape:498","oape:500","geon:98182","loc"
"oclc:792755216","oape:514","geon:276781","loc"
"oclc:792755216","oape:516","geon:276781","loc"
"oclc:792755216","oape:517","geon:276781","loc"
"oclc:792755216","oape:522","geon:276781","loc"
"oclc:792755216","oape:538","geon:276781","loc"
"oclc:792755216","oape:79","geon:276781","loc"
"oclc:792755216","oape:95","geon:276781","loc"
"oclc:792755216","oclc:1086411815","geon:276781","loc"
"oclc:792755216","oclc:472081984","geon:276781","loc"
"oclc:792755216","oape:466","geon:276781","loc"
"oclc:792755216","oape:133","geon:276781","loc"
"oclc:792755216","oape:140","geon:276781","loc"
"oclc:792755216","oape:143","geon:276781","loc"
"oclc:792755216","oape:169","geon:276781","loc"
"oclc:792755216","oape:505","geon:276781","loc"
"oclc:792755216","oclc:1034549493","geon:276781","loc"
"oclc:792755216","oape:481","geon:276781","loc"
"oclc:792755216","oclc:792755884","geon:276781","loc"
"oclc:792755216","oape:515","geon:276781","loc"
"oclc:792755216","oape:272","geon:276781","loc"
"oclc:792755216","oape:274","geon:276781","loc"
"oclc:792755216","oape:287","geon:276781","loc"
"oclc:792755216","oape:348","geon:276781","loc"
"oclc:792755216","oape:349","geon:276781","loc"
"oape:348","oape:349","geon:276781","loc"
"oape:516","oape:517","geon:276781","loc"
"oape:516","oape:522","geon:276781","loc"
"oape:516","oape:538","geon:276781","loc"
"oape:516","oape:79","geon:276781","loc"
"oape:516","oape:95","geon:276781","loc"
"oape:516","oclc:1086411815","geon:276781","loc"
"oape:516","oclc:472081984","geon:276781","loc"
"oape:516","oape:466","geon:276781","loc"
"oape:516","oape:133","geon:276781","loc"
"oape:516","oape:140","geon:276781","loc"
"oape:516","oape:143","geon:276781","loc"
"oape:516","oape:169","geon:276781","loc"
"oape:516","oape:505","geon:276781","loc"
"oape:516","oclc:1034549493","geon:276781","loc"
"oape:516","oape:481","geon:276781","loc"
"oape:516","oclc:792755884","geon:276781","loc"
"oape:516","oape:515","geon:276781","loc"
"oape:516","oape:272","geon:276781","loc"
"oape:516","oape:274","geon:276781","loc"
"oape:516","oape:287","geon:276781","loc"
"oape:516","oape:348","geon:276781","loc"
"oape:516","oape:349","geon:276781","loc"
"oclc:472450345","oape:531","geon:98182","loc"
"oclc:472450345","oape:41","geon:98182","loc"
"oclc:472450345","oape:42","geon:98182","loc"
"oclc:472450345","oape:46","geon:98182","loc"
"oclc:472450345","oape:537","geon:98182","loc"
"oclc:472450345","oape:540","geon:98182","loc"
"oclc:472450345","oape:122","geon:98182","loc"
"oclc:472450345","oape:529","geon:98182","loc"
"oclc:472450345","oape:498","geon:98182","loc"
"oclc:472450345","oape:500","geon:98182","loc"
"oclc:1681243","oclc:472961896","geon:2988507","loc"
"oclc:1681243","oclc:183354137","geon:2988507","loc"
"oclc:1681243","oape:154","geon:2988507","loc"
"oclc:1681243","oape:197","geon:2988507","loc"
"oclc:472961896","oclc:183354137","geon:2988507","loc"
"oclc:472961896","oape:154","geon:2988507","loc"
"oclc:472961896","oape:197","geon:2988507","loc"
"oclc:19000299","oclc:226234432","geon:5128581","loc"
"oclc:19000299","oape:395","geon:5128581","loc"
"oclc:19000299","oape:501","geon:5128581","loc"
"oape:548","oape:499","geon:360630","loc"
