item - P291 - original;item - P291 - QItem
سان باولو;Q174
;
;
;
;
مكة;Q5806
;
;
;
;
;
;
;
بيروت;Q3820
;
;
بيروت;Q3820
;
;
;
;
;
;
بيروت;Q3820
;
;
;
;
;
;
;
;
;
;
;
;
;
;
;
القاهرة;Q85
;
;
;
الحدث;Q3125532
;
;
;
;
;
بونس أيرس;Q1486
;
بيروت;Q3820
;
;
;
;
;
;
;
;
;
;
;
;
;
;
;
;
;
;
;
;
;
;
;
;
;
;
;
;
;
;
;
;
;
;
;
برلين;Q64
;
Berlin;Q64
;
Berlin;Q64
;
;
;
;
;
;
;
;
;
تونس;Q3572
;
بغداد;Q1530
;
;
;
;
;
;
تونس;Q3572
;
;
;
;
القاهرة;Q85
;
;
;
;
;
;
;
;
;
;
;
;
;
;
;
;
;
بغداد;Q1530
;
نيويورك;Q60
;
;
;
طنجة;Q49295430
;
;
;
القاهرة;Q85
;
;
;
;
;
;
;
;
;
;
Ḩimş;Q3805
;
;
;
;
;
حلب;Q41183
;
تونس;Q3572
;
القاهرة;Q85
;
;
;
;
;
;
;
;
;
;
;
بيروت;Q3820
;
;
;
;
;
;
;
;
;
;
;
;
;
;
;
;
;
;
;
;
;
;
;
;
;
;
;
;
;
دمشق;Q3766
;
;
;
بغداد;Q1530
;
صيدا;Q163490
;
;
;
;
;
;
;
;
;
;
;
;
;
;
;
;
;
;
;
الإسكندرية;Q87
;
;
;
تونس;Q3572
;
;
;
;
;
;
حلب;Q41183
;
;
;
تونس;Q3572
;
بغداد;Q1530
;
القاهرة;Q85
;
;
;
;
;
;
القاهرة;Q85
;
;
;
;
;
;
;
;
القاهرة;Q85
;
;
;
;
;
;
;
;
;
;
;
تونس;Q3572
;
بولاق;Q1003523
;
;
;
;
;
حيفا;Q41621
;
;
;
;
;
بغداد;Q1530
;
بيروت;Q3820
;
;
;
;
;
;
;
;
;
;
;
القاهرة;Q85
;
;
;
;
القاهرة;Q85
;
;
;
;
;
;
;
;
;
;
;
القدس;Q1218
;
;
;
;
;
القدس;Q1218
;
;
;
;
;
;
نيويورك;Q60
;
بيروت;Q3820
;
;
;
;
;
القدس;Q1218
;
;
;
طنجة;Q49295430
;
بغداد;Q1530
;
;
;
;
;
;
;
;
;
;
;
;
;
;
;
;
;
;
;
بغداد;Q1530
;
بولاق;Q1003523
;
;
;
;
فيلادلفيا;Q1345
;
;
نيويورك;Q60
;
;
Buynaksk;Q132931
;
Cairo;Q85
;
;
;
باريز;Q90
;
الجزائر;Q3561
;
كلكتا;Q1348
;
باريز;Q90
;
وهران;Q131818
;
وهران;Q131818
;
;
وهران;Q131818
;
;
وهران;Q131818
;
;
القاهرة;Q85
;
القاهرة;Q85
;
الجزائر;Q3561
;
تونس;Q3572
;
كلكتا;Q1348
;
وهران;Q131818
;
القاهرة;Q85
;
Baghdad;Q1530
;
;
;
وهران;Q131818
;
بغداد;Q1530
;
الأستانة;Q406
;
القاهرة;Q85
;
;
Le Caire;Q85
;
;
;
Baghdad;Q1530
;
Salonica;Q17151
;
Salonica;Q17151
;
Istanbul;Q406
;
;
;
Tehran;Q3616
;
Genève;Q71
;
;
;
;
;
;
;
;
;
Paris;Q90
;
;
;
;
;
;
;
;
;
;
;
Paris;Q90
;
Rome;Q220
;
United States;Q30
;
;
;
;
;
;
;
;
;
;
;
United States;Q30
;
;
;
;
;
Thessalonique;Q17151
;
;
;
Salonica;Q17151
;
;
;
;
;
Boston;Q100
;
Salonica;Q17151
;
Orenburg;Q5337
;
;
;
;
Salonica;Q17151
;
Frankfurt;Q122166308
;
Salonica;Q17151
;
Salonica;Q17151
;
Salonica;Q17151
;
;
;
الأستانة;Q406
;
;
;
;
;
الأستانة;Q406
;
;
;
Salonica;Q17151
;
Salonica;Q17151
;
Salonica;Q17151
;
بيروت;Q3820
;
باريز;Q90
;
;
;
باريز;Q90
;
;
الجزائر;Q3561
;
;
الأستانة;Q406
;
;
;
الجزائر;Q3561
;
Damascus;Q3766
;
Berlin;Q64
;
;
New York City;Q60
;
;
;
;
London;Q84
;
;
Deutschland;Q183
;
;
Berlin;Q64
;
;
;
;
Paris;Q90
;
;
;
Paris;Q90
;
;
;
Paris;Q90
;
;
Alexandrie;Q87
;
;
;
;
Thessalonique;Q17151
;
Paris;Q90
;
;
;
;
;
;
;
;
;
;
;
;
Paris;Q90
;
;
;
Paris;Q90
;
Paris;Q90
;
Paris;Q90
;
;
;
Paris;Q90
;
;
Paris;Q90
;
Paris;Q90
;
;
;
;
;
;
;
;
;
Paris;Q90
;
Paris;Q90
;
;
;
Paris;Q90
;
;
Paris;Q90
;
;
;
New York City;Q60
;
;
;
;
Paris;Q90
New York;Q60
Alexandrie;Q87
;
;
Paris;Q90
;
;
;
Paris;Q90
;
;
;
;
;
Northern America;Q2017699
;
London;Q84
;
;
Columbus;Q16567
;
Baghdad;Q1530
;
;
;
;
;
;
;
;
;
;
;
;
Istanbul;Q406
;
;
;
;
;
;
;
London;Q84
;
;
London;Q84
London;Q84
;
;
;
;
London;Q84
;
New York City;Q60
;
;
;
;
;
Paris;Q90
;
البصرة;Q48195
;
الفيوم;Q203299
;
لندن;Q84
;
بيروت;Q3820
;
;
;
دمشق;Q3766
;
;
;
;
صيدا;Q163490
;
;
;
;
بغداد;Q1530
;
الأستانة;Q406
;
دمشق;Q3766
;
;
;
;
;
;
;
;
مصر;Q79
;
;
;
;
الإسكندرية;Q87
;
;
;
;
;
;
;
Istanbul;Q406
;
القدس;Q1218
;
;
;
بيروت;Q3820
;
اهدن وزغرتا;Q611452
;
;
;
;
طرابلس الشام;Q168954
;
الدامور;Q1158931
;
القاهرة;Q85
;
باريز;Q90
;
القاهرة;Q85
;
بيروت;Q3820
;
دمشق;Q3766
;
القاهرة;Q85
;
اللاذقية;Q200030
;
Manaus;Q40236
;
;
;
اللاذقية;Q200030
;
القاهرة;Q85
;
القاهرة;Q85
;
;
القاهرة;Q85
;
القاهرة;Q85
;
القاهرة;Q85
;
باريز;Q90
;
;
القاهرة;Q85
;
القاهرة;Q85
;
يافا;Q180294
;
;
;
القاهرة;Q85
;
باريز;Q90
;
;
;
اللاذقية;Q200030
;
القاهرة;Q85
;
طرابلس الغرب;Q3579
;
تونس;Q3572
;
باريز;Q90
;
;
;
;
باريز;Q90
;
;
القاهرة;Q85
;
القاهرة;Q85
;
تونس;Q3572
;
بلاد برازيل;Q155
;
القاهرة;Q85
;
الإسكندرية;Q87
;
الإسكندرية;Q87
;
الإسكندرية;Q87
;
دمشق;Q3766
;
القدس;Q1218
;
;
;
القاهرة;Q85
;
القاهرة;Q85
;
زفتي;Q2392142
;
فاليتا;Q20924973
;
بيروت;Q3820
;
بيروت;Q3820
;
بيروت;Q3820
;
بيروت;Q3820
;
يافا;Q180294
;
;
;
بغداد;Q1530
;
القاهرة;Q85
;
بيروت;Q3820
;
ريو دي جانيرو;Q8678
;
تونس;Q3572
;
نابولي;Q49295418
;
طنجة;Q49295430
;
القاهرة;Q85
;
القاهرة;Q85
;
القاهرة;Q85
;
دمشق;Q3766
;
Istanbul;Q406
;
القاهرة;Q85
;
طرابلس الغرب;Q3579
;
تونس;Q3572
;
البصرة;Q48195
;
القاهرة;Q85
;
دمشق;Q3766
;
بيروت;Q3820
;
بيروت;Q3820
;
بيروت;Q3820
;
تونس;Q3572
;
بغداد;Q1530
;
بيروت;Q3820
;
القاهرة;Q85
;
بيروت;Q3820
;
الموصل;Q83317
;
المعلقة;Q12193418
;
;
;
;
;
;
القاهرة;Q85
;
القاهرة;Q85
;
القاهرة;Q85
;
;
;
بيروت;Q3820
;
;
;
;
;
;
;
;
بيروت;Q3820
;
;
;
;
;
;
;
;
;
القاهرة;Q85
;
;
;
;
;
الجزائر;Q3561
;
القدس;Q1218
;
;
;
;
;
;
نيويورك;Q60
;
;
;
;
جونية;Q26155
;
;
;
;
;
;
;
ريو دي جانيرو;Q8678
;
;
;
;
;
;
بعلبك;Q178835
;
;
;
;
Salonica;Q17151
;
;
;
دمشق;Q3766
;
;
;
;
مصر;Q79
;
;
;
;
بيروت;Q3820
;
;
;
;
;
سان باولو;Q174
;
;
;
;
;
;
حماة;Q173545
;
;
;
;
;
القاهرة;Q85
;
;
القاهرة;Q85
;
;
;
;
;
;
;
;
;
;
;
;
;
;
;
بيروت;Q3820
;
;
الأستانة;Q406
;
;
;
;
حلب;Q41183
;
القدس;Q1218
;
;
;
القاهرة;Q85
;
الإسكندرية;Q87
;
دمشق;Q3766
;
القاهرة;Q85
;
الإسكندرية;Q87
;
الجزائر;Q3561
;
يافا;Q180294
;
;
;
;
;
القاهرة;Q85
;
القاهرة;Q85
;
الإسكندرية;Q87
;
عكا;Q126084
;
;
;
;
;
;
حماة;Q173545
;
;
;
;
;
;
;
;
;
;
القاهرة;Q85
;
صنعاء;Q2471
;
طنطا;Q271771
;
القاهرة;Q85
;
الإسكندرية;Q87
;
نيويورك;Q60
;
حلب;Q41183
;
;
;
تونس;Q3572
;
تطوان;Q185157
;
باريز;Q90
;
;
طنطا;Q271771
;
هافانا;Q1563
;
القاهرة;Q85
;
ديترويت;Q12439
;
نيويورك;Q60
;
تونس;Q3572
;
;
القاهرة;Q85
;
دمشق;Q3766
;
تونس;Q3572
;
القاهرة;Q85
;
;
مدينة مكسيكو;Q1489
;
الأستانة;Q406
;
لندن;Q84
;
طولكرم;Q985531
;
;
;
;
;
;
بونس أيرس;Q1486
;
بيروت;Q3820
;
كربلاء;Q199909
;
;
;
القاهرة;Q85
;
القاهرة;Q85
;
المعلقة;Q12193418
;
بيروت;Q3820
;
;
;
;
;
;
القاهرة;Q85
;
القاهرة;Q85
;
القاهرة;Q85
;
;
;
;
;
طرابلس الشام;Q168954
;
القاهرة;Q85
;
القاهرة;Q85
;
القاهرة;Q85
;
الإسكندرية;Q87
;
الإسكندرية;Q87
;
القاهرة;Q85
;
حلوان;Q771345
;
القاهرة;Q85
;
سورابايا;Q11462
;
;
;
;
;
القاهرة;Q85
;
القدس;Q1218
;
;
;
القاهرة;Q85
;
القاهرة;Q85
;
القاهرة;Q85
;
القاهرة;Q85
;
القاهرة;Q85
;
الإسكندرية;Q87
;
الإسكندرية;Q87
;
الجزائر;Q3561
;
بيروت;Q3820
;
طوخ قليوبية;Q23934694
;
طوخ قليوبية;Q23934694
;
القاهرة;Q85
;
;
;
;
القاهرة;Q85
;
توكومان;Q44255
;
العشار;Q12190224
;
بيروت;Q3820
;
الأستانة;Q406
;
الجزائر;Q3561
;
;
يافا;Q180294
;
;
;
;
;
;
;
;
;
;
;
القاهرة;Q85
;
;
القاهرة;Q85
;
القاهرة;Q85
;
القاهرة;Q85
;
;
;
;
;
;
يافا;Q180294
;
;
;
تونس;Q3572
;
القاهرة;Q85
;
;
القاهرة;Q85
;
الدار البيضاء;Q7903
;
ريو دي جانيرو;Q8678
;
القاهرة;Q85
;
القاهرة;Q85
;
أسيوط;Q29962
;
بغداد;Q1530
;
الأستانة;Q406
;
قيتولي;Q12233969
;
الإسكندرية;Q87
;
الإسكندرية;Q87
;
بغداد;Q1530
;
بغداد;Q1530
;
القاهرة;Q85
;
جبلة;Q30342946
;
نيويورك;Q60
;
هافانا;Q1563
;
القاهرة;Q85
;
بونس أيرس;Q1486
;
دمشق;Q3766
;
عمّان;Q3805
;
;
;
بيروت;Q3820
;
;
;
;
سورابايا;Q11462
;
القاهرة;Q85
;
الإسكندرية;Q87
;
بغداد;Q1530
;
بغداد;Q1530
;
الإسكندرية;Q87
;
القاهرة;Q85
;
;
;
;
;
;
القاهرة;Q85
;
القاهرة;Q85
;
القاهرة;Q85
;
طنطا;Q271771
;
القاهرة;Q85
;
القاهرة;Q85
;
القاهرة;Q85
;
القاهرة;Q85
;
القاهرة;Q85
;
القاهرة;Q85
;
بيروت;Q3820
;
بونس أيرس;Q1486
;
القاهرة;Q85
;
;
;
;
;
;
;
;
;
القاهرة;Q85
;
القاهرة;Q85
;
القاهرة;Q85
;
القاهرة;Q85
;
;
;
القاهرة;Q85
;
القاهرة;Q85
;
دمشق;Q3766
;
بيروت;Q3820
;
بونس أيرس;Q1486
;
ريو دي جانيرو;Q8678
;
بيلو هوريزونتي;Q31859976
;
القاهرة;Q85
;
القاهرة;Q85
;
بغداد;Q1530
;
;
;
;
دمشق;Q3766
;
القاهرة;Q85
;
تونس;Q3572
;
القاهرة;Q85
;
القاهرة;Q85
;
بغداد;Q1530
;
دسوق;Q395863
;
المحمودية;Q1938572
;
الإسكندرية;Q87
;
الإسكندرية;Q87
;
الإسكندرية;Q87
;
تونس;Q3572
;
الجزائر;Q3561
;
الجزائر;Q3561
;
القاهرة;Q85
;
القاهرة;Q85
;
دمشق;Q3766
;
بغداد;Q1530
;
مكة;Q5806
;
سنغافورة;Q49755161
;
تونس;Q3572
;
بسكرة;Q312759
;
تطوان;Q185157
;
بيروت;Q3820
;
عاليه;Q26338
;
Oliveira;Q1754812
;
بونس أيرس;Q1486
;
بونس أيرس;Q1486
;
القاهرة;Q85
;
القاهرة;Q85
;
;
;
القاهرة;Q85
;
تشيلي;Q2887
;
نيويورك;Q60
;
نيويورك;Q60
;
بغداد;Q1530
;
جدة;Q374365
;
دمشق;Q3766
;
دمشق;Q3766
;
سان باولو;Q174
;
القاهرة;Q85
;
القاهرة;Q85
;
حلب;Q41183
;
اللاذقية;Q200030
;
بحمدون;Q21572418
;
القدس;Q1218
;
;
;
القاهرة;Q85
;
القاهرة;Q85
;
الإسكندرية;Q87
;
القاهرة;Q85
;
يافا;Q180294
;
;
;
حلب;Q41183
;
المنيى;Q310117
;
بيروت;Q3820
;
القاهرة;Q85
;
القاهرة;Q85
;
القاهرة;Q85
;
سان باولو;Q174
;
القاهرة;Q85
;
القاهرة;Q85
;
القاهرة;Q85
;
المنيى;Q310117
;
القاهرة;Q85
;
سورابايا;Q11462
;
تونس;Q3572
;
لورانس;Q49163
;
العشار;Q12190224
;
;
القدس;Q1218
;
;
;
طنطا;Q271771
;
طنطا;Q271771
;
القاهرة;Q85
;
القاهرة;Q85
;
;
;
بغداد;Q1530
;
سان باولو;Q174
;
القاهرة;Q85
;
القاهرة;Q85
;
القاهرة;Q85
;
سان باولو;Q174
;
Manaus;Q40236
;
حلب;Q41183
;
القاهرة;Q85
;
الإسكندرية;Q87
;
سنغافورة;Q49755161
;
القاهرة;Q85
;
القاهرة;Q85
;
حلب;Q41183
;
دمشق;Q3766
;
تونس;Q3572
;
القاهرة;Q85
;
القاهرة;Q85
;
;
;
الإسكندرية;Q87
;
الإسكندرية;Q87
;
مينيابولس;Q36091
;
الإسكندرية;Q87
;
القاهرة;Q85
;
القاهرة;Q85
;
;
;
القاهرة;Q85
;
بغداد;Q1530
;
الإسكندرية;Q87
;
القاهرة;Q85
;
دمشق;Q3766
;
باريز;Q90
;
باريز;Q90
;
القاهرة;Q85
;
القاهرة;Q85
;
الأستانة;Q406
;
القاهرة;Q85
;
منية;Q950786
;
دمنهور;Q328153
;
الأستانة;Q406
;
الأستانة;Q406
;
بيروت;Q3820
;
القاهرة;Q85
;
القاهرة;Q85
;
القاهرة;Q85
;
القاهرة;Q85
;
فول ريفر;Q49194
;
القاهرة;Q85
;
أسيوط;Q29962
;
القدس;Q1218
;
;
;
القاهرة;Q85
;
دمشق;Q3766
;
بغداد;Q1530
;
اللاذقية;Q200030
;
بيروت;Q3820
;
سان باولو;Q174
;
حلب;Q41183
;
حلب;Q41183
;
القاهرة;Q85
;
;
;
;
الإسكندرية;Q87
;
القاهرة;Q85
;
الأستانة;Q406
;
البصرة;Q48195
;
البصرة;Q48195
;
القاهرة;Q85
;
بيروت;Q3820
;
بيروت;Q3820
;
نيويورك;Q60
;
الإسكندرية;Q87
;
البصرة;Q48195
;
القاهرة;Q85
;
;
;
بيروت;Q3820
;
;
;
دمشق;Q3766
;
القاهرة;Q85
;
قلعة القدموس;Q305241
;
القاهرة;Q85
;
بيروت;Q3820
;
القدس;Q1218
;
;
;
;
;
;
بيروت;Q3820
;
الإسكندرية;Q87
;
الإسكندرية;Q87
;
بيروت;Q3820
;
بغداد;Q1530
;
تونس;Q3572
;
;
;
القاهرة;Q85
;
تونس;Q3572
;
القاهرة;Q85
;
;
;
سان باولو;Q174
;
سان باولو;Q174
;
زحلة;Q26569
;
;
;
القاهرة;Q85
;
قسنطينة;Q187346
;
بيروت;Q3820
;
;
;
;
;
;
;
القاهرة;Q85
;
القاهرة;Q85
;
القاهرة;Q85
;
المنصورة;Q223587
;
نيقوسيا;Q3856
;
تونس;Q3572
;
طرابلس الشام;Q168954
;
;
;
القاهرة;Q85
;
;
;
;
القاهرة;Q85
;
نيويورك;Q60
;
بغداد;Q1530
;
بغداد;Q1530
;
;
;
ريو دي جانيرو;Q8678
;
دسوق;Q395863
;
القاهرة;Q85
;
المنيى;Q310117
;
الجزائر;Q3561
;
حلب;Q41183
;
القاهرة;Q85
;
تونس;Q3572
;
;
;
الجزائر;Q3561
;
بيروت;Q3820
;
بعبدات;Q2038347
;
القاهرة;Q85
;
القاهرة;Q85
;
بوسطن;Q100
;
القاهرة;Q85
;
القاهرة;Q85
;
;
;
جاكارتا;Q3630
;
القاهرة;Q85
;
بيروت;Q3820
;
;
;
البصرة;Q48195
;
البصرة;Q48195
;
باريز;Q90
;
;
;
;
;
;
;
;
الإسكندرية;Q87
;
;
;
الإسكندرية;Q87
;
تونس;Q3572
;
;
الإسكندرية;Q87
;
الإسكندرية;Q87
;
القاهرة;Q85
;
بيروت;Q3820
;
القاهرة;Q85
;
بغداد;Q1530
;
;
;
بيروت;Q3820
;
;
;
القاهرة;Q85
;
;
;
القاهرة;Q85
;
;
;
;
;
;
;
;
الجزائر;Q3561
;
القدس;Q1218
;
;
;
بغداد;Q1530
;
القاهرة;Q85
;
القاهرة;Q85
;
القاهرة;Q85
;
القاهرة;Q85
;
القاهرة;Q85
;
القاهرة;Q85
;
القاهرة;Q85
;
بور سعيد;Q134509
;
;
ديار بكر;Q83387
;
القاهرة;Q85
;
مونتريال;Q340
;
مدينة لكنأو;Q47916
;
طرابلس الشام;Q168954
;
;
;
بيروت;Q3820
;
;
;
;
;
القاهرة;Q85
;
القاهرة;Q85
;
القاهرة;Q85
;
;
;
;
;
;
;
;
نيويورك;Q60
;
الأستانة;Q406
;
بيروت;Q3820
;
بيروت;Q3820
;
حلب;Q41183
;
القاهرة;Q85
;
البصرة;Q48195
;
طنطا;Q271771
;
بيروت;Q3820
;
الإسكندرية;Q87
;
الإسكندرية;Q87
;
الإسكندرية;Q87
;
الإسكندرية;Q87
;
الإسكندرية;Q87
;
الإسكندرية;Q87
;
القاهرة;Q85
;
;
;
;
;
;
;
;
;
;
;
بغداد;Q1530
;
صافيتا;Q1002557
;
;
;
بونس أيرس;Q1486
;
;
;
القاهرة;Q85
;
القاهرة;Q85
;
Le Caire;Q85
;
;
;
القاهرة;Q85
;
دمشق;Q3766
;
;
;
بغداد;Q1530
;
طرابلس الغرب;Q3579
;
تونس;Q3572
;
طنجة;Q49295430
;
يافا;Q180294
;
القاهرة;Q85
;
حلب;Q41183
;
تونس;Q3572
;
ريو دي جانيرو;Q8678
;
باريز;Q90
;
;
;
;
القاهرة;Q85
;
القاهرة;Q85
;
القاهرة;Q85
;
طنطا;Q271771
;
الإسكندرية;Q87
;
بغداد;Q1530
;
القاهرة;Q85
;
;
;
تشيلي;Q2887
;
دمياط;Q189383
;
بغداد;Q1530
;
حلب;Q41183
;
حلب;Q41183
;
;
;
;
;
;
;
;
;
تونس;Q3572
;
الجزائر;Q3561
;
بيروت;Q3820
;
;
;
;
;
;
بيروت;Q3820
;
بغداد;Q1530
;
القاهرة;Q85
;
;
;
القاهرة;Q85
;
القاهرة;Q85
;
;
;
;
;
;
;
تونس;Q3572
;
القاهرة;Q85
;
القاهرة;Q85
;
القاهرة;Q85
;
بيروت;Q3820
;
بيروت;Q3820
;
;
;
القاهرة;Q85
;
القاهرة;Q85
;
القاهرة;Q85
;
بطرسبرج;Q656
;
بغداد;Q1530
;
القاهرة;Q85
;
بغداد;Q1530
;
القاهرة;Q85
;
القاهرة;Q85
;
;
القاهرة;Q85
;
;
;
بونس أيرس;Q1486
;
القاهرة;Q85
;
توكومان;Q44255
;
;
;
طرابلس الشام;Q168954
;
;
;
;
القاهرة;Q85
;
Ḩimş;Q131301
;
Ḩimş;Q131301
;
القاهرة;Q85
;
بيروت;Q3820
;
;
;
القاهرة;Q85
;
القاهرة;Q85
;
;
;
;
;
;
البصرة;Q48195
;
العمارة;Q366010
;
;
;
بغداد;Q1530
;
باريز;Q90
;
;
;
;
باريز;Q90
;
باريز;Q90
;
;
;
;
;
;
;
;
;
;
;
;
حماة;Q173545
;
القاهرة;Q85
;
;
;
;
المنصورة;Q223587
;
تونس;Q3572
;
;
تونس;Q3572
;
مصر;Q79
;
;
;
القاهرة;Q85
;
القاهرة;Q85
;
;
بيروت;Q3820
;
القاهرة;Q85
;
القاهرة;Q85
;
القاهرة;Q85
;
القاهرة;Q85
;
القاهرة;Q85
;
دمشق;Q3766
;
الإسكندرية;Q87
;
تونس;Q3572
;
طرابلس الشام;Q168954
;
القاهرة;Q85
;
;
;
;
;
;
حلب;Q41183
;
الإسكندرية;Q87
;
سويس;Q134514
;
العشار;Q12190224
;
عاليه;Q26338
;
القاهرة;Q85
;
القاهرة;Q85
;
بغداد;Q1530
;
بيروت;Q3820
;
;
;
;
الإسكندرية;Q87
;
بيروت;Q3820
;
مدينة زنجبار;Q2222874
;
القاهرة;Q85
;
القاهرة;Q85
;
بونس أيرس;Q1486
;
سان باولو;Q174
;
;
;
كلكتا;Q1348
;
بيروت;Q3820
;
;
;
;
;
;
;
;
;
;
;
;
;
;
;
بغداد;Q1530
;
;
;
نيويورك;Q60
;
حلب;Q41183
;
القاهرة;Q85
;
القاهرة;Q85
;
الإسكندرية;Q87
;
بيروت;Q3820
;
بونس أيرس;Q1486
;
بوسطن;Q100
;
;
;
القدس;Q1218
;
;
;
;
;
;
;
;
طرابلس الشام;Q168954
;
القاهرة;Q85
;
القاهرة;Q85
;
القاهرة;Q85
;
بيروت;Q3820
;
بعبدات;Q2038347
;
سان باولو;Q174
;
;
;
القاهرة;Q85
;
القاهرة;Q85
;
San Pedro de Macoris;Q23761129
;
القاهرة;Q85
;
الإسكندرية;Q87
;
الإسكندرية;Q87
;
بيروت;Q3820
;
بونس أيرس;Q1486
;
سان باولو;Q174
;
القاهرة;Q85
;
القاهرة;Q85
;
الخرطوم;Q1963
;
الإسكندرية;Q87
;
عمّان;Q3805
;
بعبدا;Q26454
;
بيروت;Q3820
;
;
;
;
حلب;Q41183
;
القاهرة;Q85
;
القاهرة;Q85
;
;
;
الإسكندرية;Q87
;
القاهرة;Q85
;
القاهرة;Q85
;
الجزائر;Q3561
;
قسنطينة;Q187346
;
;
الجزائر;Q3561
;
يافا;Q180294
;
;
;
الموصل;Q83317
;
الموصل;Q83317
;
بيروت;Q3820
;
;
;
لبنان;Q822
;
لبنان;Q822
;
سان باولو;Q174
;
القاهرة;Q85
;
القاهرة;Q85
;
الإسكندرية;Q87
;
بعبدات;Q2038347
;
القاهرة;Q85
;
تونس;Q3572
;
;
;
الموصل;Q83317
;
بيروت;Q3820
;
;
;
;
;
;
القاهرة;Q85
;
;
;
;
تطوان;Q185157
;
بيروت;Q3820
;
حلب;Q41183
;
دسوق;Q395863
;
القاهرة;Q85
;
الإسكندرية;Q87
;
نيويورك;Q60
;
الإسكندرية;Q87
;
بيروت;Q3820
;
الأستانة;Q406
;
;
Cairo;Q85
;
;
;
القاهرة;Q85
;
;
;
القاهرة;Q85
;
القنيطرة;Q576368
;
القاهرة;Q85
;
القاهرة;Q85
;
الإسكندرية;Q87
;
بيروت;Q3820
;
بيروت;Q3820
;
;
;
;
;
بغداد;Q1530
;
بغداد;Q1530
;
القاهرة;Q85
;
القاهرة;Q85
;
القاهرة;Q85
;
دمشق;Q3766
;
القاهرة;Q85
;
باريز;Q90
;
;
بونس أيرس;Q1486
;
القاهرة;Q85
;
القاهرة;Q85
;
Calcutta;Q1348
;
المدينة المنورة;Q35484
;
;
;
القاهرة;Q85
;
القاهرة;Q85
;
القاهرة;Q85
;
القاهرة;Q85
;
حلب;Q41183
;
;
;
;
بغداد;Q1530
;
بيروت;Q3820
;
;
;
;
سان باولو;Q174
;
توكومان;Q44255
;
;
بيروت;Q3820
;
نيويورك;Q60
;
القاهرة;Q85
;
القاهرة;Q85
;
;
القاهرة;Q85
;
القاهرة;Q85
;
تونس;Q3572
;
;
بيروت;Q3820
;
;
;
;
;
;
يافا;Q180294
;
;
;
ريو دي جانيرو;Q8678
;
طنطا;Q271771
;
طنطا;Q271771
;
القاهرة;Q85
;
القاهرة;Q85
;
ديترويت;Q12439
;
ديترويت;Q12439
;
بغداد;Q1530
;
القاهرة;Q85
;
القاهرة;Q85
;
دمشق;Q3766
;
سنغافورة;Q49755161
;
القاهرة;Q85
;
بيروت;Q3820
;
;
;
;
;
;
;
;
;
;
;
;
;
;
;
;
;
الإسكندرية;Q87
;
بيروت;Q3820
;
طنطا;Q271771
;
القاهرة;Q85
;
الأستانة;Q406
;
;
;
بغداد;Q1530
;
طنطا;Q271771
;
القاهرة;Q85
;
بيروت;Q3820
;
;
;
;
دمشق;Q3766
;
دمشق;Q3766
;
بسكرة;Q312759
;
الجزائر;Q3561
;
;
طنجة;Q49295430
;
بيت شباب;Q2894035
;
دمنهور;Q328153
;
القاهرة;Q85
;
نيويورك;Q60
;
نيويورك;Q60
;
القاهرة;Q85
;
القاهرة;Q85
;
وهران;Q131818
;
معان;Q31616
;
الأستانة;Q406
;
حيدراباد;Q1640079
;
دمشق;Q3766
;
;
;
;
;
;
;
;
;
;
;
;
;
;
Woking;Q646225
;
;
بونس أيرس;Q1486
;
القاهرة;Q85
;
القاهرة;Q85
;
الأستانة;Q406
;
الأستانة;Q406
;
بغداد;Q1530
;
بغداد;Q1530
;
الإسكندرية;Q87
;
;
;
يافا;Q180294
;
;
;
باريز;Q90
;
القاهرة;Q85
;
;
;
الأستانة;Q406
;
;
;
بغداد;Q1530
;
;
;
;
;
تونس;Q3572
;
تونس;Q3572
;
تونس;Q3572
;
لندن;Q84
;
بيروت;Q3820
;
;
Beirut;Q3820
;
;
;
;
;
;
;
بعبدات;Q2038347
;
;
;
القاهرة;Q85
;
الإسكندرية;Q87
;
;
كوردوبا;Q44210
;
بغداد;Q1530
;
جبيل;Q173532
;
بيروت;Q3820
;
القدس;Q1218
;
;
;
;
;
ماردين;Q188022
;
بني سويف;Q394080
;
القاهرة;Q85
;
القاهرة;Q85
;
نيويورك;Q60
;
القاهرة;Q85
;
القاهرة;Q85
;
القاهرة;Q85
;
عين زحلتا;Q4697368
;
دمنهور;Q328153
;
كوردوبا;Q44210
;
القاهرة;Q85
;
فاليتا;Q20924973
;
دمشق;Q3766
;
بيروت;Q3820
;
القاهرة;Q85
;
حيفا;Q41621
;
;
;
برلين;Q64
;
;
;
حلوان;Q771345
;
ريو دي جانيرو;Q8678
;
القاهرة;Q85
;
طرابلس الشام;Q168954
;
;
;
القاهرة;Q85
;
القاهرة;Q85
;
القاهرة;Q85
;
حلب;Q41183
;
القاهرة;Q85
;
القاهرة;Q85
;
بيروت;Q3820
;
دمشق;Q3766
;
دمشق;Q3766
;
بونس أيرس;Q1486
;
سويس;Q134514
;
القاهرة;Q85
;
;
;
;
;
بوسطن;Q100
;
;
;
;
;
بغداد;Q1530
;
دمشق;Q3766
;
دمشق;Q3766
;
;
;
;
;
بيروت;Q3820
;
باريز;Q90
;
بونس أيرس;Q1486
;
القاهرة;Q85
;
القاهرة;Q85
;
بيروت;Q3820
;
دمشق;Q3766
;
القاهرة;Q85
;
النجف;Q168193
;
دمشق;Q3766
;
تير هوت;Q492478
;
;
;
بيروت;Q3820
;
القاهرة;Q85
;
بيروت;Q3820
;
;
;
Poá;Q377601
;
بيروت;Q3820
;
الخرطوم;Q1963
;
القاهرة;Q85
;
القاهرة;Q85
;
بغداد;Q1530
;
;
;
القاهرة;Q85
;
;
;
حلب;Q41183
;
القاهرة;Q85
;
القاهرة;Q85
;
القاهرة;Q85
;
القاهرة;Q85
;
القاهرة;Q85
;
القاهرة;Q85
;
لندن;Q84
;
لندن;Q84
;
نابولي;Q49295418
;
القاهرة;Q85
;
إسكندرونة;Q174341
;
بيروت;Q3820
;
زحلة;Q26569
;
مدينة مكسيكو;Q1489
;
مدينة مكسيكو;Q1489
;
مدينة مكسيكو;Q1489
;
زحلة;Q26569
;
القاهرة;Q85
;
بيروت;Q3820
;
;
;
نيويورك;Q60
;
;
;
الإسكندرية;Q87
;
بيروت;Q3820
;
;
;
بيروت;Q3820
;
القاهرة;Q85
;
نيويورك;Q60
;
طرابلس الغرب;Q3579
;
;
;
بيروت;Q3820
;
القدس;Q1218
;
;
;
القدس;Q1218
;
القدس;Q1218
;
القاهرة;Q85
;
الأستانة;Q406
;
البصرة;Q48195
;
دمشق;Q3766
;
ديترويت;Q12439
;
القاهرة;Q85
;
برلين;Q64
;
المنصورة;Q223587
;
;
;
سان باولو;Q174
;
الإسكندرية;Q87
;
نيويورك;Q60
;
بغداد;Q1530
;
بولاق;Q1003523
;
;
;
;
;
القاهرة;Q85
;
القاهرة;Q85
;
القاهرة;Q85
;
القاهرة;Q85
;
القاهرة;Q85
;
سورابايا;Q11462
;
سورابايا;Q11462
;
;
;
القاهرة;Q85
;
;
;
;
;
طرابلس الشام;Q168954
;
القاهرة;Q85
;
القاهرة;Q85
;
القدس;Q1218
;
;
;
القاهرة;Q85
;
;
;
;
;
قزان;Q900
;
;
;
جاكارتا;Q3630
;
بعبدا;Q26454
;
;
;
Weltevreden;Q2558220
;
الإسكندرية;Q87
;
نيويورك;Q60
;
بيروت;Q3820
;
بيروت;Q3820
;
القاهرة;Q85
;
;
القاهرة;Q85
;
جونية;Q26155
;
;
;
بيروت;Q3820
;
;
;
;
القاهرة;Q85
;
طنطا;Q271771
;
القاهرة;Q85
;
;
;
;
;
القاهرة;Q85
;
جاكارتا;Q3630
;
بيروت;Q3820
;
;
;
سان باولو;Q174
;
;
;
القاهرة;Q85
;
;
;
القاهرة;Q85
;
بيروت;Q3820
;
بغداد;Q1530
;
دمشق;Q3766
;
بيروت;Q3820
;
بيروت;Q3820
;
أسيوط;Q29962
;
أسيوط;Q29962
;
القاهرة;Q85
;
القاهرة;Q85
;
الإسكندرية;Q87
;
;
;
;
;
;
نيويورك;Q60
;
نيويورك;Q60
;
القاهرة;Q85
;
حلب;Q41183
;
بيروت;Q3820
;
باريز;Q90
;
القاهرة;Q85
;
القاهرة;Q85
;
دمشق;Q3766
;
القاهرة;Q85
;
القاهرة;Q85
;
بغداد;Q1530
;
باريز;Q90
;
باريز;Q90
;
باريز;Q90
;
القاهرة;Q85
;
الإسكندرية;Q87
;
الإسكندرية;Q87
;
الإسكندرية;Q87
;
;
;
المعلقة;Q12193418
;
حلب;Q41183
;
زحلة;Q26569
;
بيروت;Q3820
;
بيروت;Q3820
;
;
;
;
القاهرة;Q85
;
القاهرة;Q85
;
بيروت;Q3820
;
القاهرة;Q85
;
القاهرة;Q85
;
القاهرة;Q85
;
القاهرة;Q85
;
بوسطن;Q100
;
القاهرة;Q85
;
القاهرة;Q85
;
البصرة;Q48195
;
الإسكندرية;Q87
;
تونس;Q3572
;
;
;
;
بيروت;Q3820
;
بيروت;Q3820
;
القاهرة;Q85
;
القاهرة;Q85
;
القاهرة;Q85
;
بغداد;Q1530
;
;
;
بعبدات;Q2038347
;
القاهرة;Q85
;
القاهرة;Q85
;
اللاذقية;Q200030
;
طرابلس الشام;Q168954
;
مدينة مكسيكو;Q1489
;
الإسكندرية;Q87
;
القاهرة;Q85
;
المدينة المنورة;Q35484
;
طرابلس الغرب;Q3579
;
طرابلس الشام;Q168954
;
بيروت;Q3820
;
;
;
;
ريو دي جانيرو;Q8678
;
بورتو أليغري;Q22067568
;
القاهرة;Q85
;
;
;
الإسكندرية;Q87
;
بغداد;Q1530
;
طرابلس الغرب;Q3579
;
القاهرة;Q85
;
بونس أيرس;Q1486
;
سان باولو;Q174
;
القاهرة;Q85
;
القدس;Q1218
;
;
;
القاهرة;Q85
;
القاهرة;Q85
;
دمشق;Q3766
;
بيروت;Q3820
;
بيروت;Q3820
;
بيروت;Q3820
;
ريو دي جانيرو;Q8678
;
القاهرة;Q85
;
القاهرة;Q85
;
بونس أيرس;Q1486
;
بيروت;Q3820
لبنان;Q822
;
;
القاهرة;Q85
;
لورانس;Q49163
;
القاهرة;Q85
;
بغداد;Q1530
;
مدينة لكنأو;Q47916
;
بني سويف;Q394080
;
القاهرة;Q85
;
بغداد;Q1530
;
;
;
مصر;Q79
;
;
;
;
;
;
;
;
;
;
;
;
;
;
;
;
;
القاهرة;Q85
;
الإسكندرية;Q87
;
الإسكندرية;Q87
;
القاهرة;Q85
;
القاهرة;Q85
;
;
;
حلوان;Q771345
;
القاهرة;Q85
;
القاهرة;Q85
;
القاهرة;Q85
;
القاهرة;Q85
;
حماة;Q173545
;
القاهرة;Q85
;
القاهرة;Q85
;
أسيوط;Q29962
;
;
;
تونس;Q3572
;
القاهرة;Q85
;
دمشق;Q3766
;
;
;
;
تونس;Q3572
;
تونس;Q3572
;
بونس أيرس;Q1486
;
القاهرة;Q85
;
بغداد;Q1530
;
اللاذقية;Q200030
;
القاهرة;Q85
;
بيروت;Q3820
;
القدس;Q1218
;
;
;
بغداد;Q1530
;
;
;
;
القاهرة;Q85
;
;
;
سان باولو;Q174
;
تونس;Q3572
;
تونس;Q3572
;
زحلة;Q26569
;
بيروت;Q3820
;
;
;
;
القاهرة;Q85
;
القاهرة;Q85
;
القاهرة;Q85
;
الإسكندرية;Q87
;
كليفلاند;Q37320
;
بغداد;Q1530
;
;
بلقاس;Q950839
;
القاهرة;Q85
;
القاهرة;Q85
;
الجيزة;Q81788
;
بونس أيرس;Q1486
;
القاهرة;Q85
;
القاهرة;Q85
;
الإسكندرية;Q87
;
القاهرة;Q85
;
القاهرة;Q85
;
;
;
القاهرة;Q85
;
الإسكندرية;Q87
;
لبنان;Q822
;
القاهرة;Q85
;
الإسكندرية;Q87
;
;
;
توكومان;Q44255
;
;
;
القاهرة;Q85
;
تونس;Q3572
;
;
;
;
طرابلس الشام;Q168954
;
القاهرة;Q85
;
القاهرة;Q85
;
;
;
القاهرة;Q85
;
القاهرة;Q85
;
الإسكندرية;Q87
;
دمشق;Q3766
;
;
;
سورابايا;Q11462
;
حلب;Q41183
;
كفر شيمى;Q3055952
;
يافا;Q180294
;
;
;
بونس أيرس;Q1486
;
;
;
بني سويف;Q394080
;
القاهرة;Q85
;
الإسكندرية;Q87
;
;
الأستانة;Q406
;
;
القاهرة;Q85
;
القاهرة;Q85
;
الزقازيق;Q140304
;
بيروت;Q3820
;
القاهرة;Q85
;
سوحاج;Q388108
;
القاهرة;Q85
;
Ḩimş;Q131301
;
الإسكندرية;Q87
;
;
;
نيويورك;Q60
;
;
;
القاهرة;Q85
;
;
;
;
;
دمشق;Q3766
;
مدينة مكسيكو;Q1489
;
القاهرة;Q85
;
الإسكندرية;Q87
;
Manaus;Q40236
;
نيويورك;Q60
;
القاهرة;Q85
;
الخرطوم;Q1963
;
القاهرة;Q85
;
القاهرة;Q85
;
سويس;Q134514
;
القاهرة;Q85
;
القاهرة;Q85
;
بيروت;Q3820
;
القاهرة;Q85
;
سان باولو;Q174
;
;
;
القاهرة;Q85
;
القاهرة;Q85
;
بغداد;Q1530
;
بولونيا;Q49295398
;
القاهرة;Q85
;
;
;
حماة;Q173545
;
القاهرة;Q85
;
القاهرة;Q85
;
;
;
;
القاهرة;Q85
;
بيروت;Q3820
;
بعبدات;Q2038347
;
حمانى;Q3114122
;
الإسكندرية;Q87
;
دمشق;Q3766
;
الأستانة;Q406
;
;
القاهرة;Q85
;
بغداد;Q1530
;
بغداد;Q1530
;
القاهرة;Q85
;
;
;
Ḩimş;Q131301
;
;
;
;
;
;
عبيه;Q2821590
;
الإسكندرية;Q87
;
الإسكندرية;Q87
;
تشيلي;Q2887
;
ريو دي جانيرو;Q8678
;
توكومان;Q44255
;
القاهرة;Q85
;
القاهرة;Q85
;
;
;
;
القاهرة;Q85
;
ريو دي جانيرو;Q8678
;
حلب;Q41183
;
دمشق;Q3766
;
بيروت;Q3820
;
طنطا;Q271771
;
;
;
;
القاهرة;Q85
;
;
;
بغداد;Q1530
;
القاهرة;Q85
;
القاهرة;Q85
;
;
;
دمشق;Q3766
;
دمشق;Q3766
Damascus;Q3766
;
;
دمشق;Q3766
;
;
;
;
دمشق;Q3766
;
بيروت;Q3820
;
;
;
;
القدس;Q1218
;
;
;
;
;
;
;
;
;
;
;
;
;
;
باريز;Q90
;
بونس أيرس;Q1486
;
سان باولو;Q174
;
مدينة مكسيكو;Q1489
;
القاهرة;Q85
;
;
;
الإسكندرية;Q87
;
الإسكندرية;Q87
;
بغداد;Q1530
;
بغداد;Q1530
;
لندن;Q84
;
باريز;Q90
;
القاهرة;Q85
;
دمشق;Q3766
;
القاهرة;Q85
;
;
;
القاهرة;Q85
;
تشيلي;Q2887
;
زحلة;Q26569
;
الزقازيق;Q140304
;
الزقازيق;Q140304
;
الزقازيق;Q140304
;
بيروت;Q3820
;
بيروت;Q3820
;
عمّان;Q3805
;
حماة;Q173545
;
حلب;Q41183
;
دمشق;Q3766
;
عين زحلتا;Q4697368
;
Beirut;Q3820
;
;
;
;
;
القاهرة;Q85
;
;
;
;
القاهرة;Q85
;
نيويورك;Q60
;
بغداد;Q1530
;
;
;
الإسكندرية;Q87
;
أسيوط;Q29962
;
الإسكندرية;Q87
;
الإسكندرية;Q87
;
حلب;Q41183
;
;
;
;
القاهرة;Q85
;
Pekalongan;Q11026
;
;
بيروت;Q3820
;
القاهرة;Q85
;
;
;
;
;
;
;
;
طرابلس الشام;Q168954
;
;
;
دمشق;Q3766
;
;
;
;
;
تونس;Q3572
;
تونس;Q3572
;
;
;
لبنان;Q216945
;
;
;
القاهرة;Q85
;
;
;
القاهرة;Q85
;
القاهرة;Q85
;
نيويورك;Q60
;
قنى;Q12191501
;
طرابلس الشام;Q168954
;
قسنطينة;Q187346
;
;
;
;
;
;
;
مونتريال;Q340
;
القاهرة;Q85
;
حلب;Q41183
;
;
;
القاهرة;Q85
;
;
أنجيه;Q38380
;
;
;
;
;
;
;
;
القاهرة;Q85
;
القاهرة;Q85
;
القاهرة;Q85
;
القاهرة;Q85
;
القاهرة;Q85
;
;
;
القاهرة;Q85
;
القاهرة;Q85
;
القاهرة;Q85
;
القاهرة;Q85
;
;
;
الإسكندرية;Q87
;
دمشق;Q3766
;
حلب;Q41183
;
حيفا;Q41621
;
;
;
بونس أيرس;Q1486
;
بونس أيرس;Q1486
;
سان باولو;Q174
;
مدينة مكسيكو;Q1489
;
القاهرة;Q85
;
;
;
بغداد;Q1530
;
الزقازيق;Q140304
;
طنجة;Q49295430
;
طرابلس الشام;Q168954
;
القدس;Q1218
;
;
;
باريز;Q90
;
القاهرة;Q85
;
القاهرة;Q85
;
القاهرة;Q85
;
القاهرة;Q85
;
الإسكندرية;Q87
;
ديترويت;Q12439
;
بونس أيرس;Q1486
;
;
القاهرة;Q85
;
الزقازيق;Q140304
;
الزقازيق;Q140304
;
الزقازيق;Q140304
;
القاهرة;Q85
;
زحلة;Q26569
;
;
;
;
;
;
;
القاهرة;Q85
;
نيويورك;Q60
;
دمشق;Q3766
;
;
;
القاهرة;Q85
;
دمشق;Q3766
;
شبين الكوم;Q31350
;
بغداد;Q1530
;
القاهرة;Q85
;
نيويورك;Q60
;
حلب;Q41183
;
بونس أيرس;Q1486
;
باريز;Q90
;
بيروت;Q3820
;
اللاذقية;Q200030
;
القاهرة;Q85
;
الجزائر;Q3561
;
القاهرة;Q85
;
الإسكندرية;Q87
;
القاهرة;Q85
;
القاهرة;Q85
;
بغداد;Q1530
;
الإسكندرية;Q87
;
يافا;Q180294
;
;
;
;
القاهرة;Q85
;
طهطى;Q951369
;
القدس;Q1218
;
كفر متى;Q3195896
;
;
;
بيروت;Q3820
;
بيروت;Q3820
;
فاليتا;Q20924973
;
القاهرة;Q85
;
القاهرة;Q85
;
بسكنتى;Q2465122
;
القدس;Q1218
;
تونس;Q3572
;
ريو دي جانيرو;Q8678
;
القاهرة;Q85
;
القاهرة;Q85
;
القاهرة;Q85
;
شربين;Q1524502
;
القاهرة;Q85
;
طنطا;Q271771
;
بغداد;Q1530
;
تونس;Q3572
;
طنطا;Q271771
;
طنطا;Q271771
;
القاهرة;Q85
;
دمشق;Q3766
;
طرابلس الشام;Q168954
;
القدس;Q1218
;
;
;
القاهرة;Q85
;
;
;
القاهرة;Q85
;
القاهرة;Q85
;
القاهرة;Q85
;
القاهرة;Q85
;
فاس;Q80985
;
بيروت;Q3820
;
بيروت;Q3820
;
;
;
دمشق;Q3766
;
القاهرة;Q85
;
دمشق;Q3766
Haifa;Q41621
;
;
القاهرة;Q85
;
بيروت;Q3820
;
القاهرة;Q85
;
باريز;Q90
;
;
;
;
;
;
;
القاهرة;Q85
;
تونس;Q3572
;
دمشق;Q3766
;
القاهرة;Q85
;
القاهرة;Q85
;
القاهرة;Q85
;
القاهرة;Q85
;
القاهرة;Q85
;
الإسكندرية;Q87
;
القاهرة;Q85
;
;
;
القاهرة;Q85
;
القاهرة;Q85
;
;
;
القاهرة;Q85
;
بغداد;Q1530
;
بغداد;Q1530
;
الإسكندرية;Q87
;
القاهرة;Q85
;
الإسكندرية;Q87
;
القاهرة;Q85
;
;
;
;
القاهرة;Q85
;
الإسكندرية;Q87
;
دمشق;Q3766
;
سان باولو;Q174
;
ريو دي جانيرو;Q8678
;
القاهرة;Q85
;
القاهرة;Q85
;
Washington, DC;Q61
;
بغداد;Q1530
;
;
;
دمشق;Q3766
;
مصر;Q79
;
;
;
;
;
;
;
نيويورك;Q60
;
تونس;Q3572
;
بيروت;Q3820
;
القاهرة;Q85
;
الأستانة;Q406
;
;
;
;
الأستانة;Q406
;
القاهرة;Q85
;
نيويورك;Q60
;
;
;
;
;
نيويورك;Q60
;
;
;
بغداد;Q1530
;
بغداد;Q1530
;
القاهرة;Q85
;
الإسكندرية;Q87
;
تونس;Q3572
;
بيروت;Q3820
;
سان باولو;Q174
;
بيروت;Q3820
;
القاهرة;Q85
;
القاهرة;Q85
;
القاهرة;Q85
;
حلب;Q41183
;
طرابلس الغرب;Q3579
;
ريو دي جانيرو;Q8678
;
;
;
طنطا;Q271771
;
القاهرة;Q85
;
الأستانة;Q406
;
;
;
;
تونس;Q3572
;
بيكفيى;Q860059
;
بغداد;Q1530
;
بغداد;Q1530
;
;
;
حلب;Q41183
;
كفر الزيات;Q951867
;
القاهرة;Q85
;
الأستانة;Q406
;
;
;
بغداد;Q1530
;
اللاذقية;Q200030
;
القاهرة;Q85
;
بيروت;Q3820
;
بيروت;Q3820
;
باريز;Q90
;
;
;
;
مونتفيدو;Q1335
;
دمشق;Q3766
;
;
;
;
;
;
بوسطن;Q100
;
القاهرة;Q85
;
;
;
;
القاهرة;Q85
;
Ḩimş;Q131301
;
;
;
;
القاهرة;Q85
;
حيفا;Q41621
;
;
;
;
;
;
بيروت;Q3820
;
القاهرة;Q85
;
فيلادلفيا;Q1345
;
دمشق;Q3766
;
;
;
طرابلس الغرب;Q3579
;
صفاقس;Q46325
;
طنطا;Q271771
;
مدينة مكسيكو;Q1489
;
القاهرة;Q85
;
القاهرة;Q85
;
القاهرة;Q85
;
الإسكندرية;Q87
;
;
;
كوردوبا;Q44210
;
طرابلس الشام;Q168954
;
;
;
القاهرة;Q85
;
القاهرة;Q85
;
القاهرة;Q85
;
دمشق;Q3766
;
القاهرة;Q85
;
;
;
القاهرة;Q85
;
القاهرة;Q85
;
بيروت;Q3820
;
;
;
;
حلب;Q41183
;
دمشق;Q3766
;
القاهرة;Q85
;
القاهرة;Q85
;
بيروت;Q3820
;
دمشق;Q3766
;
بيروت;Q3820
;
بيت شباب;Q2894035
;
;
;
مدينة مكسيكو;Q1489
;
القاهرة;Q85
;
القاهرة;Q85
;
القاهرة;Q85
;
القاهرة;Q85
;
;
;
;
بغداد;Q1530
;
;
;
النجف;Q168193
;
;
;
القاهرة;Q85
;
بونس أيرس;Q1486
;
القاهرة;Q85
;
دمشق;Q3766
;
;
;
القاهرة;Q85
;
القاهرة;Q85
;
القاهرة;Q85
;
القاهرة;Q85
;
;
;
بيروت;Q3820
;
;
;
;
دمشق;Q3766
;
القاهرة;Q85
;
القاهرة;Q85
;
القاهرة;Q85
;
اللاذقية;Q200030
;
بيروت;Q3820
;
الإسكندرية;Q87
;
ليفورنو;Q49280661
;
;
القاهرة;Q85
;
القاهرة;Q85
;
دمشق;Q3766
;
تونس;Q3572
;
القاهرة;Q85
;
;
;
;
;
;
;
المنيى;Q310117
;
الرباط;Q3551
;
القاهرة;Q85
;
الموصل;Q83317
;
بيروت;Q3820
;
تشيلي;Q2887
;
بيروت;Q3820
;
بيروت;Q3820
;
;
أنفة;Q4119042
;
بيروت;Q3820
;
;
;
;
الخرطوم;Q1963
;
القاهرة;Q85
;
الخرطوم;Q1963
;
القاهرة;Q85
;
بغداد;Q1530
;
بيروت;Q3820
;
ريو دي جانيرو;Q8678
;
مدينة مكسيكو;Q1489
;
القاهرة;Q85
;
بغداد;Q1530
;
القدس;Q1218
;
;
;
القاهرة;Q85
;
القاهرة;Q85
;
القاهرة;Q85
;
القاهرة;Q85
;
الإسكندرية;Q87
;
حلب;Q41183
;
القاهرة;Q85
;
;
;
لندن;Q84
;
بيروت;Q3820
;
القاهرة;Q85
;
القاهرة;Q85
;
الجزائر;Q3561
;
;
;
الجزائر;Q3561
;
القاهرة;Q85
;
بيروت;Q3820
;
;
;
بيروت;Q3820
;
نيويورك;Q60
;
;
;
تونس;Q3572
;
القاهرة;Q85
;
;
;
القاهرة;Q85
;
;
;
بيروت;Q3820
;
القاهرة;Q85
;
حلب;Q41183
;
دمشق;Q3766
;
Campos;Q191642
;
طنجة;Q49295430
;
بيروت;Q3820
;
;
;
;
;
;
القاهرة;Q85
;
لورانس;Q49163
;
عبيه;Q2821590
;
سان باولو;Q174
;
سان باولو;Q174
;
القاهرة;Q85
;
القاهرة;Q85
;
;
;
حلب;Q41183
;
النجف;Q168193
;
ملوي;Q393498
;
القاهرة;Q85
;
القاهرة;Q85
;
;
;
الأستانة;Q406
;
بيروت;Q3820
;
القاهرة;Q85
;
القاهرة;Q85
;
القاهرة;Q85
;
Santiago del Estero;Q44827
;
;
;
طنطا;Q271771
;
;
;
القاهرة;Q85
;
الإسكندرية;Q87
;
بغداد;Q1530
;
بونس أيرس;Q1486
;
;
;
القاهرة;Q85
;
القاهرة;Q85
;
القاهرة;Q85
;
;
;
القاهرة;Q85
;
;
;
;
;
;
نيويورك;Q60
;
مكة;Q5806
;
دمشق;Q3766
;
دمشق;Q3766
;
تونس;Q3572
;
القاهرة;Q85
;
;
القاهرة;Q85
;
بغداد;Q1530
;
القاهرة;Q85
;
;
;
;
القاهرة;Q85
;
القاهرة;Q85
;
مدينة زنجبار;Q2222874
;
القاهرة;Q85
;
بيروت;Q3820
;
القاهرة;Q85
;
القاهرة;Q85
;
القاهرة;Q85
;
نيويورك;Q60
;
;
;
;
;
;
;
;
بيروت;Q3820
;
بيروت;Q3820
;
القاهرة;Q85
;
القاهرة;Q85
;
بيروت;Q3820
;
بيروت;Q3820
;
بورتو أليغري;Q22067568
;
القاهرة;Q85
;
القاهرة;Q85
;
القاهرة;Q85
;
القاهرة;Q85
;
;
;
دمشق;Q3766
;
;
;
;
;
;
سان باولو;Q174
;
بابل;Q59202
;
البصرة;Q48195
;
;
;
القاهرة;Q85
;
الفيوم;Q203299
;
;
;
الفيوم;Q203299
;
صيدا;Q163490
;
;
;
القاهرة;Q85
;
طنطا;Q271771
;
دمنهور;Q328153
;
القاهرة;Q85
;
القاهرة;Q85
;
القاهرة;Q85
;
القاهرة;Q85
;
القاهرة;Q85
;
القاهرة;Q85
;
القاهرة;Q85
;
مكة;Q5806
;
;
;
;
;
;
بيروت;Q3820
;
القدس;Q1218
;
;
;
;
القاهرة;Q85
;
القدس;Q1218
;
القدس;Q1218
;
القدس;Q1218
;
;
;
القاهرة;Q85
;
القاهرة;Q85
;
;
;
;
;
;
حلب;Q41183
;
;
الإسكندرية;Q87
;
الأستانة;Q406
;
بونس أيرس;Q1486
;
سورابايا;Q11462
;
تونس;Q3572
;
الأستانة;Q406
;
بغداد;Q1530
;
;
جنيف;Q71
;
باريز;Q90
;
تونس;Q3572
;
القاهرة;Q85
;
مدينة مكسيكو;Q1489
;
الإسكندرية;Q87
;
;
;
;
;
الإسكندرية;Q87
;
القاهرة;Q85
;
القاهرة;Q85
;
;
;
القاهرة;Q85
;
عبد للي;Q124963852
;
دمشق;Q3766
;
تونس;Q3572
;
فاقوس;Q951439
;
القاهرة;Q85
;
سان باولو;Q174
;
بيروت;Q3820
;
بنهة;Q336966
;
دير القمر;Q613943
;
القاهرة;Q85
;
القاهرة;Q85
;
الجزائر;Q3561
;
;
;
بور سعيد;Q134509
;
دمياط;Q189383
;
صور;Q82070
;
القاهرة;Q85
;
القيروان;Q179570
;
دمشق;Q3766
;
القاهرة;Q85
;
القاهرة;Q85
;
القرشية;Q12191242
;
بونس أيرس;Q1486
;
دمشق;Q3766
;
القاهرة;Q85
;
بغداد;Q1530
;
بغداد;Q1530
;
سان باولو;Q174
;
;
القاهرة;Q85
;
;
;
حيفا;Q41621
;
;
;
;
;
;
;
طنطا;Q271771
;
;
;
بيروت;Q3820
;
;
;
بيروت;Q3820
;
القاهرة;Q85
;
الإسكندرية;Q87
;
بغداد;Q1530
;
حلب;Q41183
;
بيروت;Q3820
;
القاهرة;Q85
;
القاهرة;Q85
;
بيروت;Q3820
;
القاهرة;Q85
;
القاهرة;Q85
;
;
;
;
;
باريز;Q90
;
حلب;Q41183
;
نيويورك;Q60
;
;
;
ريو دي جانيرو;Q8678
;
القاهرة;Q85
;
القاهرة;Q85
;
بيروت;Q3820
;
القدس;Q1218
;
;
;
;
;
;
;
;
طنطا;Q271771
;
القاهرة;Q85
;
;
;
القاهرة;Q85
;
القاهرة;Q85
;
دمشق;Q3766
;
بيروت;Q3820
;
;
;
;
القاهرة;Q85
;
;
;
القاهرة;Q85
;
القاهرة;Q85
;
بيروت;Q3820
;
;
;
;
;
القاهرة;Q85
;
بيروت;Q3820
;
;
;
;
;
;
;
;
;
القاهرة;Q85
;
القاهرة;Q85
;
القاهرة;Q85
;
كوردوبا;Q44210
;
;
;
القاهرة;Q85
;
القاهرة;Q85
;
القاهرة;Q85
;
القاهرة;Q85
;
الإسكندرية;Q87
;
الإسكندرية;Q87
;
الإسكندرية;Q87
;
القاهرة;Q85
;
القاهرة;Q85
;
الإسكندرية;Q87
;
القاهرة;Q85
;
نيويورك;Q60
;
;
;
الكويت;Q817
;
;
;
اللاذقية;Q200030
;
اللاذقية;Q200030
;
الإسكندرية;Q87
;
بونس أيرس;Q1486
;
القاهرة;Q85
;
القاهرة;Q85
;
;
;
القاهرة;Q85
;
بغداد;Q1530
;
الإسكندرية;Q87
;
القاهرة;Q85
;
;
;
;
;
;
;
;
;
;
;
بيروت;Q3820
;
;
;
;
;
;
;
;
دمشق;Q3766
;
بيروت;Q3820
;
القاهرة;Q85
;
;
;
;
;
;
;
;
;
;
تونس;Q3572
;
القاهرة;Q85
;
;
;
بغداد;Q1530
;
طرابلس الغرب;Q3579
;
القاهرة;Q85
;
;
;
;
;
;
القاهرة;Q85
;
القاهرة;Q85
;
;
;
;
;
بيت شباب;Q2894035
;
القاهرة;Q85
;
;
;
بور سعيد;Q134509
;
القاهرة;Q85
;
;
;
القاهرة;Q85
;
سان باولو;Q174
;
القاهرة;Q85
;
القاهرة;Q85
;
;
;
;
;
;
;
;
;
;
;
;
;
;
بيروت;Q3820
;
ريو دي جانيرو;Q8678
;
طرابلس الشام;Q168954
;
;
;
;
;
;
;
;
;
;
;
الإسكندرية;Q87
;
القاهرة;Q85
;
القاهرة;Q85
;
بيروت;Q3820
;
بيروت;Q3820
;
;
;
;
بيروت;Q3820
;
ريو دي جانيرو;Q8678
;
تونس;Q3572
;
تونس;Q3572
;
الجزائر;Q3561
;
;
;
تونس;Q3572
;
تونس;Q3572
;
;
تونس;Q3572
;
;
القاهرة;Q85
;
قسنطينة;Q187346
;
;
الإسكندرية;Q87
;
;
;
;
تونس;Q3572
;
;
القاهرة;Q85
;
القاهرة;Q85
;
طهطى;Q951369
;
;
;
دمشق;Q3766
;
دمشق;Q3766
;
;
;
;
بونس أيرس;Q1486
;
;
;
كلكتا;Q1348
;
حماة;Q173545
;
حيفا;Q41621
;
;
;
القاهرة;Q85
;
نيويورك;Q60
;
;
;
;
;
القاهرة;Q85
;
الإسكندرية;Q87
;
القاهرة;Q85
;
;
;
القاهرة;Q85
;
القاهرة;Q85
;
;
;
القاهرة;Q85
;
مصر;Q79
;
;
;
بيروت;Q3820
;
القاهرة;Q85
;
;
;
;
;
بيروت;Q3820
;
بيروت;Q3820
;
;
القاهرة;Q85
;
;
;
;
القاهرة;Q85
;
بغداد;Q1530
;
بيروت;Q3820
;
;
;
القاهرة;Q85
;
;
;
;
القاهرة;Q85
;
القاهرة;Q85
;
بغداد;Q1530
;
;
;
القاهرة;Q85
;
بيروت;Q3820
;
;
;
القاهرة;Q85
;
القاهرة;Q85
;
الإسكندرية;Q87
;
القاهرة;Q85
;
;
;
;
;
مصر;Q79
;
;
;
بور سعيد;Q134509
;
القاهرة;Q85
;
القاهرة;Q85
;
;
;
بيروت;Q3820
;
;
;
;
;
بيروت;Q3820
;
القاهرة;Q85
;
القاهرة;Q85
;
المحلة الكبرى;Q312723
;
بيروت;Q3820
;
القاهرة;Q85
;
بيروت;Q3820
;
القاهرة;Q85
;
القاهرة;Q85
;
بيروت;Q3820
;
القاهرة;Q85
;
طنطا;Q271771
;
القاهرة;Q85
;
;
القاهرة;Q85
;
القاهرة;Q85
;
المعلقة;Q12193418
;
;
;
طرابلس الشام;Q168954
;
القاهرة;Q85
;
بغداد;Q1530
;
بيروت;Q3820
;
;
بيروت;Q3820
;
;
باريز;Q90
;
القاهرة;Q85
;
بيت شباب;Q2894035
;
القاهرة;Q85
;
;
;
;
;
القاهرة;Q85
;
القاهرة;Q85
;
المنيى;Q310117
;
الإسكندرية;Q87
;
دمنهور;Q328153
;
دمنهور;Q328153
;
تونس;Q3572
;
;
;
;
دمشق;Q3766
;
القاهرة;Q85
;
;
;
نيويورك;Q60
;
بغداد;Q1530
;
القاهرة;Q85
;
القاهرة;Q85
;
الإسكندرية;Q87
;
الجزائر;Q3561
;
برمّانا;Q2424525
;
القاهرة;Q85
;
الأستانة;Q406
;
بغداد;Q1530
;
;
;
;
;
Pekalongan;Q11026
;
Ḩimş;Q131301
;
دمشق;Q3766
;
تونس;Q3572
;
سان باولو;Q174
;
القاهرة;Q85
;
;
;
القاهرة;Q85
;
بغداد;Q1530
;
بيروت;Q3820
;
ميت غمر;Q337123
;
القاهرة;Q85
;
طرابلس الشام;Q168954
;
طنطا;Q271771
;
الأستانة;Q406
;
المدينة المنورة;Q35484
;
القاهرة;Q85
;
بيروت;Q3820
;
;
;
;
القاهرة;Q85
;
القاهرة;Q85
;
الإسكندرية;Q87
;
حلب;Q41183
;
القاهرة;Q85
;
بيروت;Q3820
;
;
;
;
;
;
;
;
;
;
;
القاهرة;Q85
;
;
;
;
;
القاهرة;Q85
;
;
;
أسيوط;Q29962
;
بيروت;Q3820
;
;
;
;
;
Manaus;Q40236
;
بغداد;Q1530
;
مرجعيون;Q2723877
;
القاهرة;Q85
;
مرسيليا;Q23482
;
القاهرة;Q85
;
حلب;Q41183
;
حلب;Q41183
;
حلب;Q41183
;
تونس;Q3572
;
بونس أيرس;Q1486
;
;
;
الإسكندرية;Q87
;
;
;
تونس;Q3572
;
القاهرة;Q85
;
القاهرة;Q85
;
القاهرة;Q85
;
تشيلي;Q2887
;
بغداد;Q1530
;
;
;
;
;
;
اللاذقية;Q200030
;
دمشق;Q3766
;
طرابلس الغرب;Q3579
;
القاهرة;Q85
;
باريز;Q90
;
باريز;Q90
;
بني سويف;Q394080
;
تونس;Q3572
;
بغداد;Q1530
;
;
;
القاهرة;Q85
;
الإسكندرية;Q87
;
القاهرة;Q85
;
بيروت;Q3820
;
;
;
القاهرة;Q85
;
المنصورة;Q223587
;
الإسكندرية;Q87
;
بيروت;Q3820
;
سان باولو;Q174
;
مدينة مكسيكو;Q1489
;
الأستانة;Q406
;
القاهرة;Q85
;
الأستانة;Q406
;
بيروت;Q3820
;
;
;
شبين الكوم;Q31350
;
القاهرة;Q85
;
;
;
القاهرة;Q85
;
;
;
دمشق;Q3766
;
كالياري;Q1897
;
باريز;Q90
;
;
;
;
;
;
;
;
بغداد;Q1530
;
القاهرة;Q85
;
كالياري;Q1897
;
بيروت;Q3820
;
الإسكندرية;Q87
;
حريصا;Q1585414
;
;
;
;
;
;
;
القاهرة;Q85
;
القاهرة;Q85
;
الإسكندرية;Q87
;
قسنطينة;Q187346
;
القاهرة;Q85
;
باريز;Q90
;
بيروت;Q3820
;
;
;
;
;
;
;
;
;
;
;
;
;
;
القاهرة;Q85
;
دمشق;Q3766
;
;
بيروت;Q3820
;
القاهرة;Q85
;
القاهرة;Q85
;
القاهرة;Q85
;
;
;
;
;
نيويورك;Q60
;
دمنهور;Q328153
;
دمشق;Q3766
;
سورابايا;Q11462
;
حلب;Q41183
;
دمشق;Q3766
;
;
;
بيروت;Q3820
;
;
Beirut;Q3820
;
;
;
;
;
القاهرة;Q85
;
الإسكندرية;Q87
;
بغداد;Q1530
;
بغداد;Q1530
;
القاهرة;Q85
;
الإسكندرية;Q87
;
الإسكندرية;Q87
;
دمشق;Q3766
;
بيروت;Q3820
;
القاهرة;Q85
;
الإسكندرية;Q87
;
;
;
تونس;Q3572
;
دمشق;Q3766
;
بغداد;Q1530
;
;
;
بسكنتى;Q2465122
;
القاهرة;Q85
;
القاهرة;Q85
;
القاهرة;Q85
;
;
;
مدينة مكسيكو;Q1489
;
مدينة مكسيكو;Q1489
;
القاهرة;Q85
;
;
;
القدس;Q1218
;
;
;
;
;
جاكارتا;Q3630
;
تونس;Q3572
;
القاهرة;Q85
;
القاهرة;Q85
;
القاهرة;Q85
;
القاهرة;Q85
;
الكاظمية;Q311315
;
كليفلاند;Q37320
;
الشويفات;Q2477243
;
بغداد;Q1530
;
عزبة الزيتون;Q124963846
;
القاهرة;Q85
;
القاهرة;Q85
;
;
;
بيروت;Q3820
;
;
;
;
;
;
;
;
;
;
;
القاهرة;Q85
;
القاهرة;Q85
;
St. Louis;Q38022
;
بغداد;Q1530
;
;
;
بيروت;Q3820
;
مكة;Q5806
;
القاهرة;Q85
;
القاهرة;Q85
;
القاهرة;Q85
;
;
;
طنطا;Q271771
;
الأستانة;Q406
;
;
;
;
;
Istanbul;Q406
;
الأستانة;Q406
;
;
;
;
;
القاهرة;Q85
;
;
;
الجزائر;Q3561
;
طنجة;Q49295430
;
طنجة;Q49295430
;
الإسكندرية;Q87
;
القاهرة;Q85
;
;
;
;
;
المنصورة;Q223587
;
دمشق;Q3766
;
دمشق;Q3766
;
بيروت;Q3820
;
;
;
;
;
القاهرة;Q85
;
القاهرة;Q85
;
القاهرة;Q85
;
القاهرة;Q85
;
القاهرة;Q85
;
بغداد;Q1530
;
;
;
بيروت;Q3820
;
;
;
القاهرة;Q85
;
;
;
;
;
;
;
;
;
;
;
;
;
;
;
;
;
;
;
;
;
;
;
;
;
;
;
القاهرة;Q85
;
سان باولو;Q174
;
القاهرة;Q85
;
طنطا;Q271771
;
القاهرة;Q85
;
;
;
;
;
;
;
;
القاهرة;Q85
;
;
القاهرة;Q85
;
;
القاهرة;Q85
;
;
;
;
;
مونتريال;Q340
;
القاهرة;Q85
;
;
;
;
;
;
بيروت;Q3820
;
حماة;Q173545
;
الإسكندرية;Q87
;
مونتريال;Q340
;
القاهرة;Q85
;
بغداد;Q1530
;
طنطا;Q271771
;
تونس;Q3572
;
القاهرة;Q85
;
القاهرة;Q85
;
;
القاهرة;Q85
;
القدس;Q1218
;
;
;
تونس;Q3572
;
بيروت;Q3820
;
بيروت;Q3820
;
اللاذقية;Q200030
;
;
;
;
;
;
;
بيروت;Q3820
;
بيروت;Q3820
;
سان باولو;Q174
;
الإسكندرية;Q87
;
القاهرة;Q85
;
الخرطوم;Q1963
;
سان باولو;Q174
Beirut;Q3820
Mount Lebanon;Q216945
بيروت;Q3820
;
بيروت;Q3820
;
بيروت;Q3820
;
بيروت;Q3820
;
بونس أيرس;Q1486
;
القاهرة;Q85
;
;
;
القاهرة;Q85
;
الإسكندرية;Q87
;
نيويورك;Q60
;
الكاظمية;Q311315
;
تونس;Q3572
;
القاهرة;Q85
;
القاهرة;Q85
;
;
;
;
;
اللاذقية;Q200030
;
قسنطينة;Q187346
;
;
الجزائر;Q3561
;
القاهرة;Q85
;
;
;
دمشق;Q3766
;
سان باولو;Q174
;
;
;
القاهرة;Q85
;
القاهرة;Q85
;
تونس;Q3572
;
;
أسيوط;Q29962
;
قسنطينة;Q187346
;
;
;
;
بيروت;Q3820
;
;
;
بونس أيرس;Q1486
;
القاهرة;Q85
;
تونس;Q3572
;
القاهرة;Q85
;
سان باولو;Q174
;
تونس;Q3572
;
بيروت;Q3820
;
;
;
;
;
;
;
;
باريز;Q90
;
باريز;Q90
;
;
;
الإسكندرية;Q87
;
المنصورة;Q223587
;
المنصورة;Q223587
;
المنصورة;Q223587
;
ريو دي جانيرو;Q8678
;
المنيى;Q310117
;
القاهرة;Q85
;
القاهرة;Q85
;
القاهرة;Q85
;
;
;
;
القدس;Q1218
;
القاهرة;Q85
;
;
;
;
القاهرة;Q85
;
;
;
المنيى;Q310117
;
تونس;Q3572
;
القاهرة;Q85
;
كونثبثيون، تشيلي;Q1880
;
الأستانة;Q406
;
البصرة;Q48195
;
;
;
دمشق;Q3766
;
نيويورك;Q60
;
توكومان;Q44255
;
القاهرة;Q85
;
زحلة;Q26569
;
;
;
;
;
الإسكندرية;Q87
;
طرابلس الشام;Q168954
;
بيروت;Q3820
;
القاهرة;Q85
;
;
;
القاهرة;Q85
;
الإسكندرية;Q87
;
نيويورك;Q60
;
;
;
بيروت;Q3820
;
;
;
;
;
;
;
;
;
القاهرة;Q85
;
;
;
;
;
;
;
;
;
;
;
;
;
;
;
;
;
الموصل;Q83317
;
;
;
الموصل;Q83317
;
القاهرة;Q85
;
حلب;Q41183
;
القاهرة;Q85
;
القاهرة;Q85
;
دمشق;Q3766
;
;
;
سان باولو;Q174
;
القاهرة;Q85
;
القاهرة;Q85
;
القاهرة;Q85
;
ريو دي جانيرو;Q8678
;
القاهرة;Q85
;
القاهرة;Q85
;
;
;
;
;
القاهرة;Q85
;
;
;
الموصل;Q83317
;
القاهرة;Q85
;
دمشق;Q3766
;
بغداد;Q1530
;
بغداد;Q1530
;
;
;
بغداد;Q1530
;
القاهرة;Q85
;
طنطا;Q271771
;
القاهرة;Q85
;
بغداد;Q1530
;
بيروت;Q3820
;
;
;
;
;
;
;
;
;
;
;
القاهرة;Q85
;
;
;
القاهرة;Q85
;
بيروت;Q3820
;
بيت شباب;Q2894035
;
بنهة;Q336966
;
القاهرة;Q85
;
الإسكندرية;Q87
;
مدينة زنجبار;Q2222874
;
دمشق;Q3766
;
قسنطينة;Q187346
;
بيروت;Q3820
;
;
;
;
;
;
القدس;Q1218
;
;
;
القاهرة;Q85
;
الإسكندرية;Q87
;
الإسكندرية;Q87
;
الموصل;Q83317
;
النجف;Q168193
;
النجف;Q168193
;
Najaf;Q168193
;
الموصل;Q83317
;
;
;
تونس;Q3572
;
;
القاهرة;Q85
;
سان باولو;Q174
;
القاهرة;Q85
;
ريو دي جانيرو;Q8678
;
القاهرة;Q85
;
اللاذقية;Q200030
;
فاليتا;Q20924973
;
لندن;Q84
;
;
لندن;Q84
;
بيروت;Q3820
;
;
;
بونس أيرس;Q1486
;
سان باولو;Q174
;
ريو دي جانيرو;Q8678
;
القاهرة;Q85
;
;
;
تونس;Q3572
;
لندن;Q84
;
بيروت;Q3820
;
بيروت;Q3820
;
طوخ;Q23934694
;
;
;
;
;
;
دمشق;Q3766
;
تونس;Q3572
;
بيروت;Q3820
;
القاهرة;Q85
;
;
;
القاهرة;Q85
;
الإسكندرية;Q87
;
الإسكندرية;Q87
;
;
;
القاهرة;Q85
;
بيروت;Q3820
;
القاهرة;Q85
;
الإسكندرية;Q87
;
الإسكندرية;Q87
;
أسيوط;Q29962
;
;
;
تونس;Q3572
;
بونس أيرس;Q1486
;
توكومان;Q44255
;
نيويورك;Q60
;
المحلة الكبرى;Q312723
;
القاهرة;Q85
;
القاهرة;Q85
;
القاهرة;Q85
;
العشار;Q12190224
;
القاهرة;Q85
;
بيروت;Q3820
;
القاهرة;Q85
;
;
;
بيروت;Q3820
;
;
;
;
;
القاهرة;Q85
;
القاهرة;Q85
;
اللاذقية;Q200030
;
بونس أيرس;Q1486
;
القاهرة;Q85
;
القاهرة;Q85
;
القاهرة;Q85
;
بيروت;Q3820
;
يافا;Q180294
;
الإسكندرية;Q87
;
بيروت;Q3820
;
القاهرة;Q85
;
القاهرة;Q85
;
القاهرة;Q85
;
بيروت;Q3820
;
القاهرة;Q85
;
;
القاهرة;Q85
;
حلب;Q41183
;
بيروت;Q3820
;
دمشق;Q3766
;
اللاذقية;Q200030
;
بيروت;Q3820
;
بيروت;Q3820
;
القاهرة;Q85
;
القاهرة;Q85
;
القاهرة;Q85
;
بيروت;Q3820
;
القاهرة;Q85
;
القاهرة;Q85
;
القاهرة;Q85
;
الإسكندرية;Q87
;
تونس;Q3572
;
القاهرة;Q85
;
الإسكندرية;Q87
;
تونس;Q3572
;
;
;
القاهرة;Q85
;
;
;
;
القاهرة;Q85
;
تونس;Q3572
;
تونس;Q3572
;
القاهرة;Q85
;
تونس;Q3572
;
بيروت;Q3820
;
;
;
;
;
;
;
;
;
;
;
;
;
;
;
الحدث;Q3125532
;
فرن الشباك;Q12230640
;
باريز;Q90
;
;
القاهرة;Q85
;
دمشق;Q3766
;
القاهرة;Q85
;
القاهرة;Q85
;
القاهرة;Q85
;
بغداد;Q1530
;
دمشق;Q3766
;
;
;
;
بعبدات;Q2038347
;
بيروت;Q3820
;
;
;
حيفا;Q41621
;
;
;
القدس;Q1218
;
;
;
;
;
دمشق;Q3766
;
دمشق;Q3766
;
لاهور;Q11739
;
Punjab;Q4478
;
القاهرة;Q85
;
الإسكندرية;Q87
Jerusalem;Q1218
Haifa;Q41621
;
;
بيروت;Q3820
;
تونس;Q3572
;
;
;
حلب;Q41183
;
القاهرة;Q85
;
;
;
حماة;Q173545
;
;
;
حلب;Q41183
;
تونس;Q3572
;
تونس;Q3572
;
كفر حاتى;Q3814886
;
أنفة;Q4119042
;
حيفا;Q41621
;
;
;
;
;
ريو دي جانيرو;Q8678
;
القاهرة;Q85
;
بغداد;Q1530
;
بيروت;Q3820
;
القاهرة;Q85
;
بيروت;Q3820
;
اللاذقية;Q200030
;
مكلى;Q310772
;
القاهرة;Q85
;
دمشق;Q3766
;
بغداد;Q1530
;
بيروت;Q3820
;
الإسكندرية;Q87
;
سان باولو;Q174
;
سان باولو;Q174
;
مرجعيون;Q2723877
;
القاهرة;Q85
;
الإسكندرية;Q87
;
القاهرة;Q85
;
;
;
;
;
القاهرة;Q85
;
بغداد;Q1530
;
القاهرة;Q85
;
اللاذقية;Q200030
;
;
;
القاهرة;Q85
;
القاهرة;Q85
;
الإسكندرية;Q87
;
;
;
مونتريال;Q340
;
بغداد;Q1530
;
;
;
بغداد;Q1530
;
القاهرة;Q85
;
;
;
الإسكندرية;Q87
;
;
;
القاهرة;Q85
;
;
;
;
القاهرة;Q85
;
;
;
القاهرة;Q85
;
القاهرة;Q85
;
القاهرة;Q85
;
القاهرة;Q85
;
الإسكندرية;Q87
;
;
;
القاهرة;Q85
;
القاهرة;Q85
;
القاهرة;Q85
;
;
;
;
بيروت;Q3820
;
بيروت;Q3820
;
طنطا;Q271771
;
القاهرة;Q85
;
;
;
القاهرة;Q85
;
;
;
;
القاهرة;Q85
;
حماة;Q173545
;
القاهرة;Q85
;
;
;
القاهرة;Q85
;
الإسكندرية;Q87
;
فيلادلفيا;Q1345
;
العمارة;Q366010
;
نيويورك;Q60
;
بيروت;Q3820
;
;
;
;
بيروت;Q3820
;
;
;
;
;
المنصورة;Q223587
;
ريو دي جانيرو;Q8678
;
بعبدات;Q2038347
;
بغداد;Q1530
;
كلكتا;Q1348
;
كلكتا;Q1348
;
سكيكدة;Q2292517
;
تونس;Q3572
;
دمشق;Q3766
;
;
;
الأستانة;Q406
;
الإسكندرية;Q87
;
مصر;Q79
;
;
;
الإسكندرية;Q87
;
القاهرة;Q85
;
بلقاس;Q950839
;
القاهرة;Q85
;
الفيوم;Q203299
;
القاهرة;Q85
;
القاهرة;Q85
;
طرابلس الشام;Q168954
;
القاهرة;Q85
;
الإسكندرية;Q87
;
الإسكندرية;Q87
;
القاهرة;Q85
;
القاهرة;Q85
;
حماة;Q173545
;
صليمى;Q124963830
;
حلب;Q41183
;
;
;
;
القاهرة;Q85
;
;
;
حلب;Q41183
;
سنغافورة;Q49755161
;
بيروت;Q3820
;
;
بعبدات;Q2038347
;
سان باولو;Q174
;
القاهرة;Q85
;
;
توكومان;Q44255
;
تشيلي;Q2887
;
بغداد;Q1530
;
سان باولو;Q174
;
باريز;Q90
;
;
بيروت;Q3820
;
القاهرة;Q85
;
فيلادلفيا;Q1345
;
القاهرة;Q85
;
القاهرة;Q85
;
لورانس;Q49163
;
بوكور;Q10393
;
بوكور;Q10393
;
دمشق;Q3766
;
بلقاس;Q950839
;
القاهرة;Q85
;
بغداد;Q1530
;
بغداد;Q1530
;
;
;
القدس;Q1218
;
;
;
;
;
;
بيروت;Q3820
;
حلب;Q41183
;
طرابلس الغرب;Q3579
;
ميت غمر;Q337123
;
ميت غمر;Q337123
;
القاهرة;Q85
;
الإسكندرية;Q87
;
القاهرة;Q85
;
بعبدات;Q2038347
;
القاهرة;Q85
;
القاهرة;Q85
;
القاهرة;Q85
;
;
;
نيويورك;Q60
;
بعبدات;Q2038347
;
بيروت;Q3820
;
;
;
القاهرة;Q85
;
مندوزا;Q44237
;
الكاظمية;Q311315
;
بغداد;Q1530
;
بغداد;Q1530
;
;
;
صنعاء;Q2471
;
بيروت;Q3820
;
Salto (Oriental);Q32148590
;
سان باولو;Q174
;
حماة;Q173545
;
انطاكية;Q80561
;
دمشق;Q3766
;
القاهرة;Q85
;
;
;
;
القاهرة;Q85
;
القدس;Q1218
;
القاهرة;Q85
;
القاهرة;Q85
;
;
;
القاهرة;Q85
;
بغداد;Q1530
;
فاليتا;Q20924973
;
باريز;Q90
;
Salonica;Q17151
;
القدس;Q1218
;
بغداد;Q1530
;
بغداد;Q1530
;
نيويورك;Q60
;
باريز;Q90
;
;
;
;
دمشق;Q3766
;
الإسكندرية;Q87
;
جاكارتا;Q3630
;
Weltevreden;Q2558220
;
الأستانة;Q406
;
فاليتا;Q20924973
;
القاهرة;Q85
;
جدة;Q374365
;
;
;
;
;
دمشق;Q3766
;
مدينة مكسيكو;Q1489
;
القاهرة;Q85
;
القاهرة;Q85
;
القدس;Q1218
;
;
;
نيويورك;Q60
;
برقة;Q16123487
;
القاهرة;Q85
;
;
;
القاهرة;Q85
;
بلبيس;Q393495
;
سويس;Q134514
;
سان باولو;Q174
;
;
;
القاهرة;Q85
;
القدس;Q1218
;
;
;
القاهرة;Q85
;
بعلبك;Q178835
;
;
;
بغداد;Q1530
;
القاهرة;Q85
;
;
;
بنهة;Q336966
;
جاكارتا;Q3630
;
أسيوط;Q29962
;
القاهرة;Q85
;
أسيوط;Q29962
;
عمشيت;Q2743162
;
القدس;Q1218
;
;
;
القدس;Q1218
;
;
;
;
;
نيويورك;Q60
;
كلكتا;Q1348
;
;
بيروت;Q3820
;
بيروت;Q3820
;
;
;
بيروت;Q3820
;
بغداد;Q1530
;
القاهرة;Q85
;
القاهرة;Q85
;
القاهرة;Q85
;
المنصورة;Q223587
;
سوسة;Q180717
;
Istanbul;Q406
;
بيروت;Q3820
;
بعجه سراي;Q158604
;
Istanbul;Q406
;
;
;
الإسكندرية;Q87
;
القاهرة;Q85
;
;
;
باريز;Q90
;
;
تونس;Q3572
;
القاهرة;Q85
;
حلب;Q41183
;
Istanbul;Q406
;
;
;
Istanbul;Q406
;
;
;
Istanbul;Q406
;
بغداد;Q1530
;
القاهرة;Q85
;
القاهرة;Q85
;
Istanbul;Q406
;
دمشق;Q3766
;
مليلى;Q1887805
;
;
;
بغداد;Q1530
;
حلب;Q41183
;
بغداد;Q1530
;
مصر;Q79
;
تونس;Q3572
;
تونس;Q3572
;
فاليتا;Q20924973
;
Istanbul;Q406
;
بيروت;Q3820
;
;
;
;
;
بيروت;Q3820
;
;
;
;
;
;
;
;
;
;
;
;
;
;
;
;
;
بيروت;Q3820
;
Istanbul;Q406
;
Ḩimş;Q131301
;
Ḩimş;Q131301
;
;
;
;
;
;
Istanbul;Q406
;
صيدا;Q163490
;
;
;
;
;
;
;
;
;
دمشق;Q3766
;
تونس;Q3572
;
بغداد;Q1530
;
تونس;Q3572
;
بونس أيرس;Q1486
;
Ḩimş;Q131301
;
بيروت;Q3820
;
حيفا;Q41621
;
;
;
نيويورك;Q60
;
تونس;Q3572
;
;
باريز;Q90
;
;
القاهرة;Q85
;
;
;
الإسكندرية;Q87
;
;
;
القاهرة;Q85
;
London;Q84
;
;
;
;
;
;
;
;
;
;
;
;
;
;
;
;
;
بغداد;Q1530
;
مونتريال;Q340
;
القاهرة;Q85
;
بغداد;Q1530
;
Istanbul;Q406
;
اللاذقية;Q200030
;
الإسكندرية;Q87
;
;
;
;
طنطا;Q271771
;
Istanbul;Q406
;
Istanbul;Q406
;
;
;
القاهرة;Q85
;
بعبدا;Q26454
;
مدينة زنجبار;Q2222874
;
;
عمّان;Q3805
;
Istanbul;Q406
;
ريو دي جانيرو;Q8678
;
القاهرة;Q85
;
القاهرة;Q85
;
نيقوسيا;Q3856
;
بعلبك;Q178835
;
;
;
الإسكندرية;Q87
;
بيروت;Q3820
;
القاهرة;Q85
;
;
القاهرة;Q85
;
دير الزور;Q239097
;
Beerseba;Q41843
;
;
;
;
;
Istanbul;Q406
;
الفيوم;Q203299
;
تونس;Q3572
;
تونس;Q3572
;
مكة;Q5806
;
القاهرة;Q85
;
القاهرة;Q85
;
القاهرة;Q85
;
ممباي;Q1156
;
الإسكندرية;Q87
;
الإسكندرية;Q87
;
حلب;Q41183
;
القاهرة;Q85
;
القاهرة;Q85
;
القاهرة;Q85
;
بيروت;Q3820
;
القاهرة;Q85
;
دمشق;Q3766
;
;
;
برلين;Q64
;
Salonica;Q17151
;
بيروت;Q3820
;
;
;
;
الخرطوم;Q1963
;
الخرطوم;Q1963
;
سورابايا;Q11462
;
دمشق;Q3766
;
;
توكومان;Q44255
;
توكومان;Q44255
;
دمشق;Q3766
;
الإسكندرية;Q87
;
حلب;Q41183
;
القاهرة;Q85
;
Istanbul;Q406
;
لندن;Q84
;
حلب;Q41183
;
حلب;Q41183
;
;
;
حلوان;Q771345
;
فرن الشباك;Q12230640
;
بيروت;Q3820
;
;
;
ريو دي جانيرو;Q8678
;
حماة;Q173545
;
Ḩimş;Q131301
;
;
;
;
;
;
;
تونس;Q3572
;
نيويورك;Q60
;
تونس;Q3572
;
الإسكندرية;Q87
;
حيفا;Q41621
;
;
;
حيفا;Q41621
;
حيفا;Q41621
;
بغداد;Q1530
;
بغداد;Q1530
;
بغداد;Q1530
;
تونس;Q3572
;
تونس;Q3572
;
سان باولو;Q174
;
تونس;Q3572
;
القاهرة;Q85
;
;
;
;
القاهرة;Q85
;
تونس;Q3572
;
الأستانة;Q406
;
بغداد;Q1530
;
بغداد;Q1530
;
Istanbul;Q406
;
القدس;Q1218
;
;
;
;
;
;
;
بغداد;Q1530
;
بغداد;Q1530
;
الموصل;Q83317
;
القاهرة;Q85
;
بيروت;Q3820
;
أسيوط;Q29962
;
بيروت;Q3820
;
Ḩimş;Q131301
;
;
;
;
الأستانة;Q406
;
القاهرة;Q85
;
;
;
;
دمشق;Q3766
;
;
دمشق;Q3766
;
;
Ḩimş;Q131301
;
بغداد;Q1530
;
بغداد;Q1530
;
دير القمر;Q613943
;
;
;
;
نيقوسيا;Q3856
;
بيروت;Q3820
;
الجزائر;Q3561
;
;
;
;
بيروت;Q3820
;
الخرطوم;Q1963
;
القاهرة;Q85
;
القاهرة;Q85
;
القاهرة;Q85
;
الإسكندرية;Q87
;
لندن;Q84
;
الإسكندرية;Q87
;
لندن;Q84
;
باريز;Q90
;
دمنهور;Q328153
;
بيروت;Q3820
;
;
;
بيروت;Q3820
;
بيروت;Q3820
;
;
;
فاليتا;Q20924973
;
;
Istanbul;Q406
;
Istanbul;Q406
;
;
;
بغداد;Q1530
;
القاهرة;Q85
;
القاهرة;Q85
;
القاهرة;Q85
;
القدس;Q1218
;
;
;
بنهة;Q336966
;
القاهرة;Q85
;
القاهرة;Q85
;
دمشق;Q3766
;
بغداد;Q1530
;
القاهرة;Q85
;
الإسكندرية;Q87
;
;
;
طنطا;Q271771
;
شبين الكوم;Q31350
;
القاهرة;Q85
;
;
;
;
;
;
دمشق;Q3766
;
دمشق;Q3766
;
;
;
القاهرة;Q85
;
;
;
;
;
;
;
;
;
;
;
;
;
;
;
القاهرة;Q85
;
بيروت;Q3820
;
بيروت;Q3820
;
;
القدس;Q1218
;
;
;
Salonica;Q17151
;
;
;
أسيوط;Q29962
;
نيقوسيا;Q3856
;
Salonica;Q17151
;
القاهرة;Q85
;
الشويفات;Q2477243
;
الإسكندرية;Q87
;
بيروت;Q3820
;
;
;
;
زحلة;Q26569
;
بغداد;Q1530
;
الهند;Q668
;
ريو دي جانيرو;Q8678
;
ديترويت;Q12439
;
القاهرة;Q85
;
بغداد;Q1530
;
القاهرة;Q85
;
القاهرة;Q85
;
تونس;Q3572
;
بغداد;Q1530
;
القاهرة;Q85
;
طنطا;Q271771
;
الأستانة;Q406
;
;
;
Salonica;Q17151
;
القاهرة;Q85
;
القاهرة;Q85
;
طنطا;Q271771
;
القاهرة;Q85
;
بيروت;Q3820
;
القاهرة;Q85
;
دمشق;Q3766
;
بنهة;Q336966
;
Ḩimş;Q131301
;
;
بيروت;Q3820
;
القاهرة;Q85
;
طنطا;Q271771
;
Istanbul;Q406
;
;
;
كوردوبا;Q44210
;
ريو دي جانيرو;Q8678
;
بوسطن;Q100
;
نيويورك;Q60
;
توكومان;Q44255
;
مدينة مكسيكو;Q1489
;
دمشق;Q3766
;
;
;
;
;
;
;
بيروت;Q3820
;
;
;
;
دمشق;Q3766
;
;
;
;
;
حلب;Q41183
;
;
;
;
;
الأستانة;Q406
;
;
;
ريو دي جانيرو;Q8678
;
القاهرة;Q85
;
الأستانة;Q406
;
;
بغداد;Q1530
;
القاهرة;Q85
;
بغداد;Q1530
;
القاهرة;Q85
;
الإسكندرية;Q87
;
الأستانة;Q406
;
بغداد;Q1530
;
البصرة;Q48195
;
الإسكندرية;Q87
;
لاهور;Q11739
;
حلب;Q41183
;
Madras;Q1352
;
الأستانة;Q406
;
مكة;Q5806
;
القاهرة;Q85
;
الأستانة;Q406
;
الجيزة;Q81788
;
بغداد;Q1530
;
القاهرة;Q85
;
القاهرة;Q85
;
Istanbul;Q406
;
Istanbul;Q406
;
القاهرة;Q85
;
;
;
;
;
;
;
;
;
القاهرة;Q85
;
Chicago;Q1297
;
;
;
بغداد;Q1530
;
بغداد;Q1530
;
Istanbul;Q406
;
القاهرة;Q85
;
القاهرة;Q85
;
القاهرة;Q85
;
القاهرة;Q85
;
القاهرة;Q85
;
القاهرة;Q85
;
القاهرة;Q85
;
;
;
القاهرة;Q85
;
المنصورة;Q223587
;
طنطا;Q271771
;
القاهرة;Q85
;
بيروت;Q3820
;
بيروت;Q3820
;
بيروت;Q3820
;
إسكندرونة;Q174341
;
برلين;Q64
;
بغداد;Q1530
;
الإسكندرية;Q87
;
الإسكندرية;Q87
;
بيروت;Q3820
;
بيروت;Q3820
;
بيروت;Q3820
;
بيروت;Q3820
;
الموصل;Q83317
;
بونس أيرس;Q1486
;
القاهرة;Q85
;
بغداد;Q1530
;
البصرة;Q48195
;
سوسة;Q180717
;
باريز;Q90
;
القاهرة;Q85
;
توكومان;Q44255
;
القاهرة;Q85
;
;
طرابلس الشام;Q168954
;
اهدن وزغرتا;Q611452
;
;
;
حلب;Q41183
;
;
;
;
بسكرة;Q312759
;
عاليه;Q26338
;
عمّان;Q3805
;
بغداد;Q1530
;
اللاذقية;Q200030
;
بغداد;Q1530
;
بيروت;Q3820
;
بيروت;Q3820
;
مدينة مكسيكو;Q1489
;
بعبدات;Q2038347
;
القاهرة;Q85
;
بعبدات;Q2038347
;
بعبدات;Q2038347
;
بغداد;Q1530
;
Ḩimş;Q131301
;
لبنان;Q216945
;
;
;
بيروت;Q3820
;
جونية;Q26155
;
بيروت;Q3820
;
القاهرة;Q85
;
Istanbul;Q406
;
جدة;Q374365
;
القاهرة;Q85
;
صنعاء;Q2471
;
بيروت;Q3820
;
;
;
;
ممباي;Q1156
;
بيروت;Q3820
;
;
;
يافا;Q180294
;
;
;
بيت لحم;Q5776
;
;
;
يافا;Q180294
;
;
;
بغداد;Q1530
;
بونس أيرس;Q1486
;
بيروت;Q3820
;
القاهرة;Q85
;
القاهرة;Q85
;
القاهرة;Q85
;
Ḩimş;Q131301
;
القاهرة;Q85
;
Istanbul;Q406
;
القاهرة;Q85
;
لندن;Q84
;
القاهرة;Q85
;
ممباي;Q1156
;
;
;
الأستانة;Q406
;
الإسكندرية;Q87
;
Istanbul;Q406
;
;
;
;
;
القاهرة;Q85
;
;
;
;
;
;
;
;
;
طرابلس الشام;Q168954
;
;
;
طرابلس الشام;Q168954
;
طرابلس الغرب;Q3579
;
;
;
القاهرة;Q85
;
طنطا;Q271771
;
القاهرة;Q85
;
Istanbul;Q406
;
القاهرة;Q85
;
الزقازيق;Q140304
;
الإسكندرية;Q87
;
دمشق;Q3766
;
القاهرة;Q85
;
الإسكندرية;Q87
;
الإسكندرية;Q87
;
بوردو;Q1479
;
القاهرة;Q85
;
;
Istanbul;Q406
;
;
;
القاهرة;Q85
;
;
;
القاهرة;Q85
;
بغداد;Q1530
;
القاهرة;Q85
;
مرسيليا;Q23482
Paris;Q90
;
;
القاهرة;Q85
;
القاهرة;Q85
;
القاهرة;Q85
;
بينو ( عكار );Q6830444
;
بينو ( عكار );Q6830444
;
اللاذقية;Q200030
;
القاهرة;Q85
;
القاهرة;Q85
;
;
;
;
;
;
;
;
;
حلب;Q41183
;
القاهرة;Q85
;
;
;
;
;
;
بيروت;Q3820
;
;
;
;
حلب;Q41183
;
;
;
;
;
القاهرة;Q85
;
القاهرة;Q85
;
تونس;Q3572
;
بغداد;Q1530
;
Istanbul;Q406
;
تونس;Q3572
;
مصر;Q79
;
;
;
;
;
;
;
القاهرة;Q85
;
المعلقة;Q12193418
;
بوسطن;Q100
;
بوسطن;Q100
;
بيروت;Q3820
;
;
;
القاهرة;Q85
;
بيروت;Q3820
;
;
;
;
Ḩimş;Q131301
;
ريو دي جانيرو;Q8678
;
القاهرة;Q85
;
دمشق;Q3766
;
;
;
;
بيروت;Q3820
;
القاهرة;Q85
;
سان باولو;Q174
;
شيراز;Q6397066
;
القاهرة;Q85
;
الإسكندرية;Q87
;
القاهرة;Q85
;
;
;
هافانا;Q1563
;
الجزائر;Q3561
;
القاهرة;Q85
;
الإسكندرية;Q87
;
بيروت;Q3820
;
حلب;Q41183
;
;
;
القاهرة;Q85
;
الإسكندرية;Q87
;
;
;
;
Istanbul;Q406
;
الفيوم;Q203299
;
;
;
;
;
القاهرة;Q85
;
Istanbul;Q406
;
;
;
;
;
تونس;Q3572
;
القاهرة;Q85
;
Istanbul;Q406
;
بغداد;Q1530
;
تونس;Q3572
;
تونس;Q3572
;
بيروت;Q3820
;
الإسكندرية;Q87
;
القاهرة;Q85
;
بغداد;Q1530
;
بغداد;Q1530
;
القاهرة;Q85
;
باريز;Q90
;
حلب;Q41183
;
القاهرة;Q85
;
الأستانة;Q406
;
لندن;Q84
;
أسيوط;Q29962
;
القاهرة;Q85
;
القاهرة;Q85
;
بغداد;Q1530
;
القاهرة;Q85
;
القاهرة;Q85
;
القاهرة;Q85
;
الجزائر;Q3561
;
بعبدا;Q26454
;
;
;
;
;
;
بيروت;Q3820
;
باريز;Q90
;
ديار بكر;Q83387
;
;
القاهرة;Q85
;
بيروت;Q3820
;
بيروت;Q3820
;
الأستانة;Q406
;
باريز;Q90
;
;
كركك;Q5791712
;
;
;
;
;
;
;
;
;
;
;
;
;
;
;
دير القمر;Q613943
;
بيروت;Q3820
;
;
;
طرابلس الشام;Q168954
;
ريو دي جانيرو;Q8678
;
Nicteroy;Q178725
;
زحلة;Q26569
;
;
;
بغداد;Q1530
;
بيروت;Q3820
;
;
;
دمشق;Q3766
;
تونس;Q3572
;
القاهرة;Q85
;
حلب;Q41183
;
تونس;Q3572
;
;
الجزائر;Q3561
;
حماة;Q173545
;
تونس;Q3572
;
القاهرة;Q85
;
بغداد;Q1530
;
ديترويت;Q12439
;
;
;
;
;
دمشق;Q3766
;
القاهرة;Q85
;
;
;
;
;
الإسكندرية;Q87
;
الأستانة;Q406
;
الأستانة;Q406
;
;
;
;
;
بغداد;Q1530
;
;
;
;
;
;
;
برلين;Q64
;
Berlin;Q64
;
;
;
;
;
;
;
القاهرة;Q85
;
طهران;Q3616
;
Salonica;Q17151
;
اللاذقية;Q200030
;
القاهرة;Q85
;
الإسكندرية;Q87
;
القنيطرة;Q576368
;
فاليتا;Q20924973
;
;
;
;
;
القاهرة;Q85
;
القاهرة;Q85
;
تونس;Q3572
;
;
;
;
;
دمشق;Q3766
;
القاهرة;Q85
;
اللاذقية;Q200030
;
;
;
القاهرة;Q85
;
;
;
;
;
;
;
القاهرة;Q85
;
القاهرة;Q85
;
;
;
القاهرة;Q85
;
بيروت;Q3820
;
;
;
القاهرة;Q85
;
الإسكندرية;Q87
;
;
;
بيروت;Q3820
;
تونس;Q3572
;
القاهرة;Q85
;
القاهرة;Q85
;
القاهرة;Q85
;
دمشق;Q3766
;
;
;
;
;
;
;
القاهرة;Q85
;
الإسكندرية;Q87
;
;
;
القاهرة;Q85
;
القاهرة;Q85
;
;
;
;
دمشق;Q3766
;
القاهرة;Q85
;
القاهرة;Q85
;
حلب;Q41183
;
دمشق;Q3766
;
بيروت;Q3820
;
القاهرة;Q85
;
القاهرة;Q85
;
الإسكندرية;Q87
;
القاهرة;Q85
;
بيروت;Q3820
;
البترون;Q3285145
;
;
;
بغداد;Q1530
;
القاهرة;Q85
;
;
;
القاهرة;Q85
;
بيروت;Q3820
;
;
;
;
القاهرة;Q85
;
المنصورة;Q223587
;
;
;
القاهرة;Q85
;
القاهرة;Q85
;
القاهرة;Q85
;
مصر;Q79
;
;
;
القاهرة;Q85
;
القاهرة;Q85
;
القاهرة;Q85
;
;
;
دمشق;Q3766
;
;
;
;
;
;
;
;
;
المنصورة;Q223587
;
حلب;Q41183
;
القاهرة;Q85
;
أسوان;Q29888
;
القاهرة;Q85
;
القاهرة;Q85
;
القاهرة;Q85
;
عبيه;Q2821590
;
عبيه;Q2821590
;
;
;
;
;
القاهرة;Q85
;
;
;
;
القاهرة;Q85
;
بغداد;Q1530
;
;
;
;
دمشق;Q3766
;
;
;
الإسكندرية;Q87
;
القاهرة;Q85
;
;
;
القاهرة;Q85
;
;
;
;
الإسكندرية;Q87
;
القاهرة;Q85
;
الإسكندرية;Q87
;
;
;
القاهرة;Q85
;
القاهرة;Q85
;
حلوان;Q771345
;
القاهرة;Q85
;
الإسكندرية;Q87
;
بغداد;Q1530
;
مصر;Q79
;
;
;
;
مصر;Q79
;
;
;
;
;
القاهرة;Q85
;
برلين;Q64
;
;
;
;
;
;
;
;
;
;
;
القاهرة;Q85
;
القاهرة;Q85
;
القاهرة;Q85
;
القاهرة;Q85
;
القاهرة;Q85
;
القاهرة;Q85
;
بيروت;Q3820
;
;
;
;
دمشق;Q3766
;
;
;
;
;
القاهرة;Q85
;
الجيزة;Q81788
;
بني سويف;Q394080
;
القاهرة;Q85
;
;
;
القاهرة;Q85
;
القاهرة;Q85
;
بيروت;Q3820
;
الأستانة;Q406
;
بيروت;Q3820
;
نيقوسيا;Q3856
;
الأستانة;Q406
;
الشويفات;Q2477243
;
الأستانة;Q406
;
;
بيروت;Q3820
;
لندن;Q84
;
لندن;Q84
;
دمشق;Q3766
;
القاهرة;Q85
;
بغداد;Q1530
;
القاهرة;Q85
;
;
;
هامبورغ;Q1055
;
يوجياكرتا;Q7568
;
القاهرة;Q85
القاهرة;Q85
القاهرة;Q85
;
;
;
بغداد;Q1530
;
القاهرة;Q85
;
نيويورك;Q60
;
;
;
;
;
;
يوجياكرتا;Q7568
;
القاهرة;Q85
;
البصرة;Q48195
;
دمشق;Q3766
;
القاهرة;Q85
;
تونس;Q3572
;
البصرة;Q48195
;
الإسكندرية;Q87
;
;
;
;
;
القاهرة;Q85
;
;
;
;
بيروت;Q3820
;
القاهرة;Q85
;
;
;
القاهرة;Q85
;
القاهرة;Q85
;
المنصورة;Q223587
;
حلب;Q41183
;
البترون;Q3285145
;
تونس;Q3572
;
;
;
;
القاهرة;Q85
;
القاهرة;Q85
;
;
;
بغداد;Q1530
;
;
;
طنطا;Q271771
;
;
;
برلين;Q64
;
القاهرة;Q85
;
القاهرة;Q85
;
القاهرة;Q85
;
المنيى;Q310117
;
القاهرة;Q85
;
;
;
;
القاهرة;Q85
;
القاهرة;Q85
;
;
;
;
;
;
;
;
;
;
;
القاهرة;Q85
;
;
;
;
;
الإسكندرية;Q87
;
;
باريز;Q90
;
باريز;Q90
;
الإسكندرية;Q87
;
مرسيليا;Q23482
;
القاهرة;Q85
;
ممباي;Q1156
;
بغداد;Q1530
;
دمشق;Q3766
;
;
;
;
الإسكندرية;Q87
;
الإسكندرية;Q87
;
الإسكندرية;Q87
;
بيروت;Q3820
;
القاهرة;Q85
;
القاهرة;Q85
;
كلكتا;Q1348
;
القاهرة;Q85
;
بغداد;Q1530
;
القاهرة;Q85
;
;
;
القاهرة;Q85
;
;
;
بغداد;Q1530
;
;
;
حلب;Q41183
;
بيروت;Q3820
;
القاهرة;Q85
;
زحلة;Q26569
;
القاهرة;Q85
;
;
بيروت;Q3820
;
;
;
مصر;Q79
;
الإسكندرية;Q87
;
;
;
الأستانة;Q406
;
جنيف;Q71
;
الزقازيق;Q140304
;
القدس;Q1218
;
تونس;Q3572
;
القاهرة;Q85
;
الأستانة;Q406
;
القاهرة;Q85
;
;
تونس;Q3572
;
دمشق;Q3766
;
بيروت;Q3820
;
Istanbul;Q406
;
القاهرة;Q85
;
القاهرة;Q85
;
بيروت;Q3820
;
;
;
بيروت;Q3820
;
بغداد;Q1530
;
تونس;Q3572
;
القاهرة;Q85
;
تونس;Q3572
;
تونس;Q3572
;
بيروت;Q3820
;
باريز;Q90
;
;
;
القاهرة;Q85
;
الإسكندرية;Q87
;
كركك;Q5791712
;
كلكتا;Q1348
;
بغداد;Q1530
;
بغداد;Q1530
;
القاهرة;Q85
;
بغداد;Q1530
;
القاهرة;Q85
;
بغداد;Q1530
;
بيروت;Q3820
;
الإسكندرية;Q87
;
سان باولو;Q174
;
القاهرة;Q85
;
;
القاهرة;Q85
;
بيروت;Q3820
;
الإسكندرية;Q87
;
بيروت;Q3820
;
دلهي;Q1353
;
الإسكندرية;Q87
;
القاهرة;Q85
;
بيروت;Q3820
;
;
;
حماة;Q173545
;
الفيوم;Q203299
;
مصر;Q79
;
القاهرة;Q85
;
الإسكندرية;Q87
;
القاهرة;Q85
;
باريز;Q90
;
القاهرة;Q85
;
;
;
الزقازيق;Q140304
;
;
;
;
;
;
الإسكندرية;Q87
;
القاهرة;Q85
;
دمشق;Q3766
;
الموصل;Q83317
;
القاهرة;Q85
;
بيروت;Q3820
;
بغداد;Q1530
;
القاهرة;Q85
;
حلب;Q41183
;
القاهرة;Q85
;
القاهرة;Q85
;
;
الإسكندرية;Q87
;
دمشق;Q3766
;
الجزائر;Q3561
;
بغداد;Q1530
;
بيروت;Q3820
;
القاهرة;Q85
;
القاهرة;Q85
;
Istanbul;Q406
;
تونس;Q3572
;
القاهرة;Q85
;
بيروت;Q3820
;
بونس أيرس;Q1486
;
;
;
Salonica;Q17151
;
Istanbul;Q406
;
;
;
Istanbul;Q406
;
Istanbul;Q406
;
Baghdad;Q1530
;
بغداد;Q1530
;
بغداد;Q1530
;
القدس;Q1218
;
;
;
القاهرة;Q85
;
القاهرة;Q85
;
;
;
;
;
;
الإسكندرية;Q87
;
نيويورك;Q60
;
الإسكندرية;Q87
;
;
;
;
;
دمشق;Q3766
;
;
;
;
;
;
;
;
;
القاهرة;Q85
;
;
;
دمشق;Q3766
;
دمشق;Q3766
;
;
;
;
;
;
;
;
دمشق;Q3766
;
;
;
دمشق;Q3766
;
;
;
دمشق;Q3766
;
;
;
دمشق;Q3766
;
;
;
القاهرة;Q85
;
;
;
;
;
;
;
القاهرة;Q85
;
;
بيروت;Q3820
;
بيروت;Q3820
;
القاهرة;Q85
;
;
;
بغداد;Q1530
;
حيفا;Q41621
;
;
;
حيفا;Q41621
;
;
;
حيفا;Q41621
;
;
;
Istanbul;Q406
;
القاهرة;Q85
;
;
;
Salzburg;Q34713
;
;
;
Bruxelles;Q239
;
الأستانة;Q406
;
القاهرة;Q85
;
قسنطينة;Q187346
;
بولاق;Q1003523
;
Beirut;Q3820
;
Vaduz;Q1844
;
القاهرة;Q85
;
;
Istanbul;Q406
;
القاهرة;Q85
;
Istanbul;Q406
;
Istanbul;Q406
;
Ufa;Q911
;
Tehran;Q3616
;
Tehran;Q3616
;
Egypt;Q79
;
Kabul;Q5838
;
;
;
Istanbul;Q406
;
Alexandrie;Q87
;
México;Q1489
;
Ufa;Q911
;
Tel Aviv;Q33935
;
Le Caire;Q85
;
;
;
;
Paris;Q90
;
;
London;Q84
;
Baghdad;Q1530
;
Basra;Q48195
;
Alger;Q3561
;
Cairo;Q85
;
Cairo;Q85
;
Rangoon;Q37995
;
باريز;Q90
;
القاهرة;Q85
;
دمشق;Q3766
;
;
لندن;Q84
;
بيروت;Q3820
;
;
مصر;Q79
;
القدس;Q1218
;
القدس;Q1218
;
القاهرة;Q85
;
;
;
;
بيروت;Q3820
;
;
;
بغداد;Q1530
;
بغداد;Q1530
;
;
;
Istanbul;Q406
;
;
;
;
القاهرة;Q85
;
;
القاهرة;Q85
;
;
القاهرة;Q85
;
بغداد;Q1530
;
القاهرة;Q85
;
;
القاهرة;Q85
;
بغداد;Q1530
;
دمشق;Q3766
;
Istanbul;Q406
;
القاهرة;Q85
;
الجزائر;Q3561
;
مونتريال;Q340
;
;
;
بئر السبع;Q41843
;
حيفا;Q41621
;
Jerusalem;Q1218
;
القدس;Q1218
;
عكا;Q126084
;
يافا;Q180294
;
القدس;Q1218
;
القدس;Q1218
;
القدس;Q1218
;
القدس;Q1218
;
;
;
بونس أيرس;Q1486
;
Thessalonique;Q17151
;
;
;
;
;
سان باولو;Q174
;
;
القاهرة;Q85
;
ريو دي جانيرو;Q8678
;
أوبسال;Q25286
;
;
;
;
;
;
;
الأستانة;Q406
;
Berlin;Q64
;
دمشق;Q3766
;
تونس;Q3572
;
القاهرة;Q85
القاهرة;Q85
;
;
نيويورك;Q60
;
القاهرة;Q85
;
;
;
القاهرة;Q85
;
القاهرة;Q85
